status	relative_path	left_size	right_size	delta_right_minus_left	left_target	right_target
different	Info.plist	1048	1048	0		
different	System/Library/PrivateFrameworks/LLDB.framework/Versions/A/LLDB	644103848	644103848	0		
different	usr/bin/docc	12739608	12739608	0		
different	usr/bin/sourcekit-lsp	88930656	88930656	0		
different	usr/bin/swift-format	20395696	20395696	0		
different	usr/bin/swift-frontend	613695104	613695104	0		
different	usr/bin/swift-package	100507864	100507864	0		
different	usr/lib/sourcekitdInProc.framework/Versions/A/sourcekitdInProc	607014256	607014256	0		
different	usr/lib/swift/appletvos/Cxx.swiftmodule/arm64-apple-tvos.private.swiftinterface	33868	33868	0		
different	usr/lib/swift/appletvos/Cxx.swiftmodule/arm64-apple-tvos.swiftdoc	13872	13872	0		
different	usr/lib/swift/appletvos/Cxx.swiftmodule/arm64-apple-tvos.swiftinterface	33868	33868	0		
different	usr/lib/swift/appletvos/Cxx.swiftmodule/arm64-apple-tvos.swiftsourceinfo	48428	48428	0		
different	usr/lib/swift/appletvos/CxxStdlib.swiftmodule/arm64-apple-tvos.private.swiftinterface	19619	19619	0		
different	usr/lib/swift/appletvos/CxxStdlib.swiftmodule/arm64-apple-tvos.swiftdoc	7100	7100	0		
different	usr/lib/swift/appletvos/CxxStdlib.swiftmodule/arm64-apple-tvos.swiftinterface	19619	19619	0		
different	usr/lib/swift/appletvos/CxxStdlib.swiftmodule/arm64-apple-tvos.swiftsourceinfo	32612	32612	0		
different	usr/lib/swift/appletvos/Distributed.swiftmodule/arm64-apple-tvos.private.swiftinterface	23304	23304	0		
different	usr/lib/swift/appletvos/Distributed.swiftmodule/arm64-apple-tvos.swiftdoc	78084	78084	0		
different	usr/lib/swift/appletvos/Distributed.swiftmodule/arm64-apple-tvos.swiftinterface	23304	23304	0		
different	usr/lib/swift/appletvos/Distributed.swiftmodule/arm64-apple-tvos.swiftmodule	89288	89288	0		
different	usr/lib/swift/appletvos/Distributed.swiftmodule/arm64-apple-tvos.swiftsourceinfo	61556	61556	0		
different	usr/lib/swift/appletvos/Observation.swiftmodule/arm64-apple-tvos.private.swiftinterface	11996	11996	0		
different	usr/lib/swift/appletvos/Observation.swiftmodule/arm64-apple-tvos.swiftdoc	8504	8504	0		
different	usr/lib/swift/appletvos/Observation.swiftmodule/arm64-apple-tvos.swiftinterface	10475	10475	0		
different	usr/lib/swift/appletvos/Observation.swiftmodule/arm64-apple-tvos.swiftmodule	99928	99928	0		
different	usr/lib/swift/appletvos/Observation.swiftmodule/arm64-apple-tvos.swiftsourceinfo	18220	18220	0		
different	usr/lib/swift/appletvos/RegexBuilder.swiftmodule/arm64-apple-tvos.private.swiftinterface	206077	206077	0		
different	usr/lib/swift/appletvos/RegexBuilder.swiftmodule/arm64-apple-tvos.swiftdoc	265756	265756	0		
different	usr/lib/swift/appletvos/RegexBuilder.swiftmodule/arm64-apple-tvos.swiftinterface	206057	206057	0		
different	usr/lib/swift/appletvos/RegexBuilder.swiftmodule/arm64-apple-tvos.swiftmodule	1231976	1231976	0		
different	usr/lib/swift/appletvos/RegexBuilder.swiftmodule/arm64-apple-tvos.swiftsourceinfo	359880	359880	0		
different	usr/lib/swift/appletvos/Swift.swiftmodule/arm64-apple-tvos.private.swiftinterface	2403116	2403116	0		
different	usr/lib/swift/appletvos/Swift.swiftmodule/arm64-apple-tvos.swiftdoc	4372260	4372260	0		
different	usr/lib/swift/appletvos/Swift.swiftmodule/arm64-apple-tvos.swiftinterface	2347702	2347702	0		
different	usr/lib/swift/appletvos/Swift.swiftmodule/arm64-apple-tvos.swiftmodule	17067144	17067144	0		
different	usr/lib/swift/appletvos/Swift.swiftmodule/arm64-apple-tvos.swiftsourceinfo	4046720	4046720	0		
different	usr/lib/swift/appletvos/SwiftOnoneSupport.swiftmodule/arm64-apple-tvos.private.swiftinterface	1075	1075	0		
different	usr/lib/swift/appletvos/SwiftOnoneSupport.swiftmodule/arm64-apple-tvos.swiftdoc	424	424	0		
different	usr/lib/swift/appletvos/SwiftOnoneSupport.swiftmodule/arm64-apple-tvos.swiftinterface	1075	1075	0		
different	usr/lib/swift/appletvos/SwiftOnoneSupport.swiftmodule/arm64-apple-tvos.swiftmodule	247972	247972	0		
different	usr/lib/swift/appletvos/SwiftOnoneSupport.swiftmodule/arm64-apple-tvos.swiftsourceinfo	3236	3236	0		
different	usr/lib/swift/appletvos/Synchronization.swiftmodule/arm64-apple-tvos.private.swiftinterface	242757	242757	0		
different	usr/lib/swift/appletvos/Synchronization.swiftmodule/arm64-apple-tvos.swiftdoc	256224	256224	0		
different	usr/lib/swift/appletvos/Synchronization.swiftmodule/arm64-apple-tvos.swiftinterface	242757	242757	0		
different	usr/lib/swift/appletvos/Synchronization.swiftmodule/arm64-apple-tvos.swiftmodule	578576	578576	0		
different	usr/lib/swift/appletvos/Synchronization.swiftmodule/arm64-apple-tvos.swiftsourceinfo	203568	203568	0		
different	usr/lib/swift/appletvos/_Builtin_float.swiftmodule/arm64-apple-tvos.private.swiftinterface	4227	4227	0		
different	usr/lib/swift/appletvos/_Builtin_float.swiftmodule/arm64-apple-tvos.swiftdoc	420	420	0		
different	usr/lib/swift/appletvos/_Builtin_float.swiftmodule/arm64-apple-tvos.swiftinterface	4227	4227	0		
different	usr/lib/swift/appletvos/_Builtin_float.swiftmodule/arm64-apple-tvos.swiftmodule	23700	23700	0		
different	usr/lib/swift/appletvos/_Builtin_float.swiftmodule/arm64-apple-tvos.swiftsourceinfo	2824	2824	0		
different	usr/lib/swift/appletvos/_Concurrency.swiftmodule/arm64-apple-tvos.private.swiftinterface	303501	303501	0		
different	usr/lib/swift/appletvos/_Concurrency.swiftmodule/arm64-apple-tvos.swiftdoc	436364	436364	0		
different	usr/lib/swift/appletvos/_Concurrency.swiftmodule/arm64-apple-tvos.swiftinterface	294784	294784	0		
different	usr/lib/swift/appletvos/_Concurrency.swiftmodule/arm64-apple-tvos.swiftmodule	937156	937156	0		
different	usr/lib/swift/appletvos/_Concurrency.swiftmodule/arm64-apple-tvos.swiftsourceinfo	427760	427760	0		
different	usr/lib/swift/appletvos/_Differentiation.swiftmodule/arm64-apple-tvos.private.swiftinterface	136644	136644	0		
different	usr/lib/swift/appletvos/_Differentiation.swiftmodule/arm64-apple-tvos.swiftdoc	7800	7800	0		
different	usr/lib/swift/appletvos/_Differentiation.swiftmodule/arm64-apple-tvos.swiftinterface	136644	136644	0		
different	usr/lib/swift/appletvos/_Differentiation.swiftmodule/arm64-apple-tvos.swiftmodule	1208060	1208060	0		
different	usr/lib/swift/appletvos/_Differentiation.swiftmodule/arm64-apple-tvos.swiftsourceinfo	116064	116064	0		
different	usr/lib/swift/appletvos/_RegexParser.swiftmodule/arm64-apple-tvos.private.swiftinterface	90814	90814	0		
different	usr/lib/swift/appletvos/_RegexParser.swiftmodule/arm64-apple-tvos.swiftdoc	104796	104796	0		
different	usr/lib/swift/appletvos/_RegexParser.swiftmodule/arm64-apple-tvos.swiftinterface	89833	89833	0		
different	usr/lib/swift/appletvos/_RegexParser.swiftmodule/arm64-apple-tvos.swiftmodule	413860	413860	0		
different	usr/lib/swift/appletvos/_RegexParser.swiftmodule/arm64-apple-tvos.swiftsourceinfo	311700	311700	0		
different	usr/lib/swift/appletvos/_StringProcessing.swiftmodule/arm64-apple-tvos.private.swiftinterface	36754	36754	0		
different	usr/lib/swift/appletvos/_StringProcessing.swiftmodule/arm64-apple-tvos.swiftdoc	56364	56364	0		
different	usr/lib/swift/appletvos/_StringProcessing.swiftmodule/arm64-apple-tvos.swiftinterface	23774	23774	0		
different	usr/lib/swift/appletvos/_StringProcessing.swiftmodule/arm64-apple-tvos.swiftmodule	486436	486436	0		
different	usr/lib/swift/appletvos/_StringProcessing.swiftmodule/arm64-apple-tvos.swiftsourceinfo	119476	119476	0		
different	usr/lib/swift/appletvos/_Volatile.swiftmodule/arm64-apple-tvos.private.swiftinterface	2738	2738	0		
different	usr/lib/swift/appletvos/_Volatile.swiftmodule/arm64-apple-tvos.swiftdoc	3748	3748	0		
different	usr/lib/swift/appletvos/_Volatile.swiftmodule/arm64-apple-tvos.swiftinterface	2738	2738	0		
different	usr/lib/swift/appletvos/_Volatile.swiftmodule/arm64-apple-tvos.swiftmodule	24968	24968	0		
different	usr/lib/swift/appletvos/_Volatile.swiftmodule/arm64-apple-tvos.swiftsourceinfo	4384	4384	0		
different	usr/lib/swift/appletvos/libswiftCxx.a	182728	182728	0		
different	usr/lib/swift/appletvos/libswiftCxxStdlib.a	239080	239080	0		
different	usr/lib/swift/appletvsimulator/Cxx.swiftmodule/arm64-apple-tvos-simulator.private.swiftinterface	33878	33878	0		
different	usr/lib/swift/appletvsimulator/Cxx.swiftmodule/arm64-apple-tvos-simulator.swiftdoc	13884	13884	0		
different	usr/lib/swift/appletvsimulator/Cxx.swiftmodule/arm64-apple-tvos-simulator.swiftinterface	33878	33878	0		
different	usr/lib/swift/appletvsimulator/Cxx.swiftmodule/arm64-apple-tvos-simulator.swiftsourceinfo	48440	48440	0		
different	usr/lib/swift/appletvsimulator/Cxx.swiftmodule/x86_64-apple-tvos-simulator.private.swiftinterface	33879	33879	0		
different	usr/lib/swift/appletvsimulator/Cxx.swiftmodule/x86_64-apple-tvos-simulator.swiftdoc	13884	13884	0		
different	usr/lib/swift/appletvsimulator/Cxx.swiftmodule/x86_64-apple-tvos-simulator.swiftinterface	33879	33879	0		
different	usr/lib/swift/appletvsimulator/Cxx.swiftmodule/x86_64-apple-tvos-simulator.swiftsourceinfo	48440	48440	0		
different	usr/lib/swift/appletvsimulator/CxxStdlib.swiftmodule/arm64-apple-tvos-simulator.private.swiftinterface	19629	19629	0		
different	usr/lib/swift/appletvsimulator/CxxStdlib.swiftmodule/arm64-apple-tvos-simulator.swiftdoc	7112	7112	0		
different	usr/lib/swift/appletvsimulator/CxxStdlib.swiftmodule/arm64-apple-tvos-simulator.swiftinterface	19629	19629	0		
different	usr/lib/swift/appletvsimulator/CxxStdlib.swiftmodule/arm64-apple-tvos-simulator.swiftsourceinfo	32624	32624	0		
different	usr/lib/swift/appletvsimulator/CxxStdlib.swiftmodule/x86_64-apple-tvos-simulator.private.swiftinterface	19630	19630	0		
different	usr/lib/swift/appletvsimulator/CxxStdlib.swiftmodule/x86_64-apple-tvos-simulator.swiftdoc	7112	7112	0		
different	usr/lib/swift/appletvsimulator/CxxStdlib.swiftmodule/x86_64-apple-tvos-simulator.swiftinterface	19630	19630	0		
different	usr/lib/swift/appletvsimulator/CxxStdlib.swiftmodule/x86_64-apple-tvos-simulator.swiftsourceinfo	32624	32624	0		
different	usr/lib/swift/appletvsimulator/Distributed.swiftmodule/arm64-apple-tvos-simulator.private.swiftinterface	23314	23314	0		
different	usr/lib/swift/appletvsimulator/Distributed.swiftmodule/arm64-apple-tvos-simulator.swiftdoc	78096	78096	0		
different	usr/lib/swift/appletvsimulator/Distributed.swiftmodule/arm64-apple-tvos-simulator.swiftinterface	23314	23314	0		
different	usr/lib/swift/appletvsimulator/Distributed.swiftmodule/arm64-apple-tvos-simulator.swiftmodule	89304	89304	0		
different	usr/lib/swift/appletvsimulator/Distributed.swiftmodule/arm64-apple-tvos-simulator.swiftsourceinfo	61568	61568	0		
different	usr/lib/swift/appletvsimulator/Distributed.swiftmodule/x86_64-apple-tvos-simulator.private.swiftinterface	23315	23315	0		
different	usr/lib/swift/appletvsimulator/Distributed.swiftmodule/x86_64-apple-tvos-simulator.swiftdoc	78096	78096	0		
different	usr/lib/swift/appletvsimulator/Distributed.swiftmodule/x86_64-apple-tvos-simulator.swiftinterface	23315	23315	0		
different	usr/lib/swift/appletvsimulator/Distributed.swiftmodule/x86_64-apple-tvos-simulator.swiftmodule	89304	89304	0		
different	usr/lib/swift/appletvsimulator/Distributed.swiftmodule/x86_64-apple-tvos-simulator.swiftsourceinfo	61568	61568	0		
different	usr/lib/swift/appletvsimulator/Observation.swiftmodule/arm64-apple-tvos-simulator.private.swiftinterface	12006	12006	0		
different	usr/lib/swift/appletvsimulator/Observation.swiftmodule/arm64-apple-tvos-simulator.swiftdoc	8516	8516	0		
different	usr/lib/swift/appletvsimulator/Observation.swiftmodule/arm64-apple-tvos-simulator.swiftinterface	10485	10485	0		
different	usr/lib/swift/appletvsimulator/Observation.swiftmodule/arm64-apple-tvos-simulator.swiftmodule	99944	99944	0		
different	usr/lib/swift/appletvsimulator/Observation.swiftmodule/arm64-apple-tvos-simulator.swiftsourceinfo	18232	18232	0		
different	usr/lib/swift/appletvsimulator/Observation.swiftmodule/x86_64-apple-tvos-simulator.private.swiftinterface	12007	12007	0		
different	usr/lib/swift/appletvsimulator/Observation.swiftmodule/x86_64-apple-tvos-simulator.swiftdoc	8516	8516	0		
different	usr/lib/swift/appletvsimulator/Observation.swiftmodule/x86_64-apple-tvos-simulator.swiftinterface	10486	10486	0		
different	usr/lib/swift/appletvsimulator/Observation.swiftmodule/x86_64-apple-tvos-simulator.swiftmodule	99944	99944	0		
different	usr/lib/swift/appletvsimulator/Observation.swiftmodule/x86_64-apple-tvos-simulator.swiftsourceinfo	18232	18232	0		
different	usr/lib/swift/appletvsimulator/RegexBuilder.swiftmodule/arm64-apple-tvos-simulator.private.swiftinterface	206087	206087	0		
different	usr/lib/swift/appletvsimulator/RegexBuilder.swiftmodule/arm64-apple-tvos-simulator.swiftdoc	265768	265768	0		
different	usr/lib/swift/appletvsimulator/RegexBuilder.swiftmodule/arm64-apple-tvos-simulator.swiftinterface	206067	206067	0		
different	usr/lib/swift/appletvsimulator/RegexBuilder.swiftmodule/arm64-apple-tvos-simulator.swiftmodule	1231992	1231992	0		
different	usr/lib/swift/appletvsimulator/RegexBuilder.swiftmodule/arm64-apple-tvos-simulator.swiftsourceinfo	359892	359892	0		
different	usr/lib/swift/appletvsimulator/RegexBuilder.swiftmodule/x86_64-apple-tvos-simulator.private.swiftinterface	206088	206088	0		
different	usr/lib/swift/appletvsimulator/RegexBuilder.swiftmodule/x86_64-apple-tvos-simulator.swiftdoc	265768	265768	0		
different	usr/lib/swift/appletvsimulator/RegexBuilder.swiftmodule/x86_64-apple-tvos-simulator.swiftinterface	206068	206068	0		
different	usr/lib/swift/appletvsimulator/RegexBuilder.swiftmodule/x86_64-apple-tvos-simulator.swiftmodule	1231992	1231992	0		
different	usr/lib/swift/appletvsimulator/RegexBuilder.swiftmodule/x86_64-apple-tvos-simulator.swiftsourceinfo	359892	359892	0		
different	usr/lib/swift/appletvsimulator/Swift.swiftmodule/Swift.opt.bitstream	1924356	1924356	0		
different	usr/lib/swift/appletvsimulator/Swift.swiftmodule/arm64-apple-tvos-simulator.private.swiftinterface	2403126	2403126	0		
different	usr/lib/swift/appletvsimulator/Swift.swiftmodule/arm64-apple-tvos-simulator.swiftdoc	4372272	4372272	0		
different	usr/lib/swift/appletvsimulator/Swift.swiftmodule/arm64-apple-tvos-simulator.swiftinterface	2347712	2347712	0		
different	usr/lib/swift/appletvsimulator/Swift.swiftmodule/arm64-apple-tvos-simulator.swiftmodule	17067160	17067160	0		
different	usr/lib/swift/appletvsimulator/Swift.swiftmodule/arm64-apple-tvos-simulator.swiftsourceinfo	4046732	4046732	0		
different	usr/lib/swift/appletvsimulator/Swift.swiftmodule/x86_64-apple-tvos-simulator.private.swiftinterface	2436495	2436495	0		
different	usr/lib/swift/appletvsimulator/Swift.swiftmodule/x86_64-apple-tvos-simulator.swiftdoc	4424676	4424676	0		
different	usr/lib/swift/appletvsimulator/Swift.swiftmodule/x86_64-apple-tvos-simulator.swiftinterface	2381081	2381081	0		
different	usr/lib/swift/appletvsimulator/Swift.swiftmodule/x86_64-apple-tvos-simulator.swiftmodule	17361200	17361200	0		
different	usr/lib/swift/appletvsimulator/Swift.swiftmodule/x86_64-apple-tvos-simulator.swiftsourceinfo	4097336	4097336	0		
different	usr/lib/swift/appletvsimulator/SwiftOnoneSupport.swiftmodule/arm64-apple-tvos-simulator.private.swiftinterface	1085	1085	0		
different	usr/lib/swift/appletvsimulator/SwiftOnoneSupport.swiftmodule/arm64-apple-tvos-simulator.swiftdoc	436	436	0		
different	usr/lib/swift/appletvsimulator/SwiftOnoneSupport.swiftmodule/arm64-apple-tvos-simulator.swiftinterface	1085	1085	0		
different	usr/lib/swift/appletvsimulator/SwiftOnoneSupport.swiftmodule/arm64-apple-tvos-simulator.swiftmodule	247988	247988	0		
different	usr/lib/swift/appletvsimulator/SwiftOnoneSupport.swiftmodule/arm64-apple-tvos-simulator.swiftsourceinfo	3248	3248	0		
different	usr/lib/swift/appletvsimulator/SwiftOnoneSupport.swiftmodule/x86_64-apple-tvos-simulator.private.swiftinterface	1086	1086	0		
different	usr/lib/swift/appletvsimulator/SwiftOnoneSupport.swiftmodule/x86_64-apple-tvos-simulator.swiftdoc	436	436	0		
different	usr/lib/swift/appletvsimulator/SwiftOnoneSupport.swiftmodule/x86_64-apple-tvos-simulator.swiftinterface	1086	1086	0		
different	usr/lib/swift/appletvsimulator/SwiftOnoneSupport.swiftmodule/x86_64-apple-tvos-simulator.swiftmodule	247988	247988	0		
different	usr/lib/swift/appletvsimulator/SwiftOnoneSupport.swiftmodule/x86_64-apple-tvos-simulator.swiftsourceinfo	3248	3248	0		
different	usr/lib/swift/appletvsimulator/Synchronization.swiftmodule/arm64-apple-tvos-simulator.private.swiftinterface	242767	242767	0		
different	usr/lib/swift/appletvsimulator/Synchronization.swiftmodule/arm64-apple-tvos-simulator.swiftdoc	256236	256236	0		
different	usr/lib/swift/appletvsimulator/Synchronization.swiftmodule/arm64-apple-tvos-simulator.swiftinterface	242767	242767	0		
different	usr/lib/swift/appletvsimulator/Synchronization.swiftmodule/arm64-apple-tvos-simulator.swiftmodule	578592	578592	0		
different	usr/lib/swift/appletvsimulator/Synchronization.swiftmodule/arm64-apple-tvos-simulator.swiftsourceinfo	203580	203580	0		
different	usr/lib/swift/appletvsimulator/Synchronization.swiftmodule/x86_64-apple-tvos-simulator.private.swiftinterface	242768	242768	0		
different	usr/lib/swift/appletvsimulator/Synchronization.swiftmodule/x86_64-apple-tvos-simulator.swiftdoc	256236	256236	0		
different	usr/lib/swift/appletvsimulator/Synchronization.swiftmodule/x86_64-apple-tvos-simulator.swiftinterface	242768	242768	0		
different	usr/lib/swift/appletvsimulator/Synchronization.swiftmodule/x86_64-apple-tvos-simulator.swiftmodule	578592	578592	0		
different	usr/lib/swift/appletvsimulator/Synchronization.swiftmodule/x86_64-apple-tvos-simulator.swiftsourceinfo	203580	203580	0		
different	usr/lib/swift/appletvsimulator/_Builtin_float.swiftmodule/arm64-apple-tvos-simulator.private.swiftinterface	4237	4237	0		
different	usr/lib/swift/appletvsimulator/_Builtin_float.swiftmodule/arm64-apple-tvos-simulator.swiftdoc	432	432	0		
different	usr/lib/swift/appletvsimulator/_Builtin_float.swiftmodule/arm64-apple-tvos-simulator.swiftinterface	4237	4237	0		
different	usr/lib/swift/appletvsimulator/_Builtin_float.swiftmodule/arm64-apple-tvos-simulator.swiftmodule	23716	23716	0		
different	usr/lib/swift/appletvsimulator/_Builtin_float.swiftmodule/arm64-apple-tvos-simulator.swiftsourceinfo	2836	2836	0		
different	usr/lib/swift/appletvsimulator/_Builtin_float.swiftmodule/x86_64-apple-tvos-simulator.private.swiftinterface	5758	5758	0		
different	usr/lib/swift/appletvsimulator/_Builtin_float.swiftmodule/x86_64-apple-tvos-simulator.swiftdoc	432	432	0		
different	usr/lib/swift/appletvsimulator/_Builtin_float.swiftmodule/x86_64-apple-tvos-simulator.swiftinterface	5758	5758	0		
different	usr/lib/swift/appletvsimulator/_Builtin_float.swiftmodule/x86_64-apple-tvos-simulator.swiftmodule	26028	26028	0		
different	usr/lib/swift/appletvsimulator/_Builtin_float.swiftmodule/x86_64-apple-tvos-simulator.swiftsourceinfo	3784	3784	0		
different	usr/lib/swift/appletvsimulator/_Concurrency.swiftmodule/arm64-apple-tvos-simulator.private.swiftinterface	303511	303511	0		
different	usr/lib/swift/appletvsimulator/_Concurrency.swiftmodule/arm64-apple-tvos-simulator.swiftdoc	436376	436376	0		
different	usr/lib/swift/appletvsimulator/_Concurrency.swiftmodule/arm64-apple-tvos-simulator.swiftinterface	294794	294794	0		
different	usr/lib/swift/appletvsimulator/_Concurrency.swiftmodule/arm64-apple-tvos-simulator.swiftmodule	937172	937172	0		
different	usr/lib/swift/appletvsimulator/_Concurrency.swiftmodule/arm64-apple-tvos-simulator.swiftsourceinfo	427772	427772	0		
different	usr/lib/swift/appletvsimulator/_Concurrency.swiftmodule/x86_64-apple-tvos-simulator.private.swiftinterface	303512	303512	0		
different	usr/lib/swift/appletvsimulator/_Concurrency.swiftmodule/x86_64-apple-tvos-simulator.swiftdoc	436376	436376	0		
different	usr/lib/swift/appletvsimulator/_Concurrency.swiftmodule/x86_64-apple-tvos-simulator.swiftinterface	294795	294795	0		
different	usr/lib/swift/appletvsimulator/_Concurrency.swiftmodule/x86_64-apple-tvos-simulator.swiftmodule	937172	937172	0		
different	usr/lib/swift/appletvsimulator/_Concurrency.swiftmodule/x86_64-apple-tvos-simulator.swiftsourceinfo	427772	427772	0		
different	usr/lib/swift/appletvsimulator/_Differentiation.swiftmodule/arm64-apple-tvos-simulator.private.swiftinterface	136654	136654	0		
different	usr/lib/swift/appletvsimulator/_Differentiation.swiftmodule/arm64-apple-tvos-simulator.swiftdoc	7812	7812	0		
different	usr/lib/swift/appletvsimulator/_Differentiation.swiftmodule/arm64-apple-tvos-simulator.swiftinterface	136654	136654	0		
different	usr/lib/swift/appletvsimulator/_Differentiation.swiftmodule/arm64-apple-tvos-simulator.swiftmodule	1208076	1208076	0		
different	usr/lib/swift/appletvsimulator/_Differentiation.swiftmodule/arm64-apple-tvos-simulator.swiftsourceinfo	116076	116076	0		
different	usr/lib/swift/appletvsimulator/_Differentiation.swiftmodule/x86_64-apple-tvos-simulator.private.swiftinterface	155826	155826	0		
different	usr/lib/swift/appletvsimulator/_Differentiation.swiftmodule/x86_64-apple-tvos-simulator.swiftdoc	8404	8404	0		
different	usr/lib/swift/appletvsimulator/_Differentiation.swiftmodule/x86_64-apple-tvos-simulator.swiftinterface	155826	155826	0		
different	usr/lib/swift/appletvsimulator/_Differentiation.swiftmodule/x86_64-apple-tvos-simulator.swiftmodule	1309116	1309116	0		
different	usr/lib/swift/appletvsimulator/_Differentiation.swiftmodule/x86_64-apple-tvos-simulator.swiftsourceinfo	130788	130788	0		
different	usr/lib/swift/appletvsimulator/_RegexParser.swiftmodule/arm64-apple-tvos-simulator.private.swiftinterface	90824	90824	0		
different	usr/lib/swift/appletvsimulator/_RegexParser.swiftmodule/arm64-apple-tvos-simulator.swiftdoc	104808	104808	0		
different	usr/lib/swift/appletvsimulator/_RegexParser.swiftmodule/arm64-apple-tvos-simulator.swiftinterface	89843	89843	0		
different	usr/lib/swift/appletvsimulator/_RegexParser.swiftmodule/arm64-apple-tvos-simulator.swiftmodule	413876	413876	0		
different	usr/lib/swift/appletvsimulator/_RegexParser.swiftmodule/arm64-apple-tvos-simulator.swiftsourceinfo	311712	311712	0		
different	usr/lib/swift/appletvsimulator/_RegexParser.swiftmodule/x86_64-apple-tvos-simulator.private.swiftinterface	90825	90825	0		
different	usr/lib/swift/appletvsimulator/_RegexParser.swiftmodule/x86_64-apple-tvos-simulator.swiftdoc	104808	104808	0		
different	usr/lib/swift/appletvsimulator/_RegexParser.swiftmodule/x86_64-apple-tvos-simulator.swiftinterface	89844	89844	0		
different	usr/lib/swift/appletvsimulator/_RegexParser.swiftmodule/x86_64-apple-tvos-simulator.swiftmodule	413876	413876	0		
different	usr/lib/swift/appletvsimulator/_RegexParser.swiftmodule/x86_64-apple-tvos-simulator.swiftsourceinfo	311712	311712	0		
different	usr/lib/swift/appletvsimulator/_StringProcessing.swiftmodule/arm64-apple-tvos-simulator.private.swiftinterface	36764	36764	0		
different	usr/lib/swift/appletvsimulator/_StringProcessing.swiftmodule/arm64-apple-tvos-simulator.swiftdoc	56376	56376	0		
different	usr/lib/swift/appletvsimulator/_StringProcessing.swiftmodule/arm64-apple-tvos-simulator.swiftinterface	23784	23784	0		
different	usr/lib/swift/appletvsimulator/_StringProcessing.swiftmodule/arm64-apple-tvos-simulator.swiftmodule	486452	486452	0		
different	usr/lib/swift/appletvsimulator/_StringProcessing.swiftmodule/arm64-apple-tvos-simulator.swiftsourceinfo	119488	119488	0		
different	usr/lib/swift/appletvsimulator/_StringProcessing.swiftmodule/x86_64-apple-tvos-simulator.private.swiftinterface	36765	36765	0		
different	usr/lib/swift/appletvsimulator/_StringProcessing.swiftmodule/x86_64-apple-tvos-simulator.swiftdoc	56376	56376	0		
different	usr/lib/swift/appletvsimulator/_StringProcessing.swiftmodule/x86_64-apple-tvos-simulator.swiftinterface	23785	23785	0		
different	usr/lib/swift/appletvsimulator/_StringProcessing.swiftmodule/x86_64-apple-tvos-simulator.swiftmodule	486452	486452	0		
different	usr/lib/swift/appletvsimulator/_StringProcessing.swiftmodule/x86_64-apple-tvos-simulator.swiftsourceinfo	119488	119488	0		
different	usr/lib/swift/appletvsimulator/_Volatile.swiftmodule/arm64-apple-tvos-simulator.private.swiftinterface	2748	2748	0		
different	usr/lib/swift/appletvsimulator/_Volatile.swiftmodule/arm64-apple-tvos-simulator.swiftdoc	3760	3760	0		
different	usr/lib/swift/appletvsimulator/_Volatile.swiftmodule/arm64-apple-tvos-simulator.swiftinterface	2748	2748	0		
different	usr/lib/swift/appletvsimulator/_Volatile.swiftmodule/arm64-apple-tvos-simulator.swiftmodule	24984	24984	0		
different	usr/lib/swift/appletvsimulator/_Volatile.swiftmodule/arm64-apple-tvos-simulator.swiftsourceinfo	4396	4396	0		
different	usr/lib/swift/appletvsimulator/_Volatile.swiftmodule/x86_64-apple-tvos-simulator.private.swiftinterface	2749	2749	0		
different	usr/lib/swift/appletvsimulator/_Volatile.swiftmodule/x86_64-apple-tvos-simulator.swiftdoc	3760	3760	0		
different	usr/lib/swift/appletvsimulator/_Volatile.swiftmodule/x86_64-apple-tvos-simulator.swiftinterface	2749	2749	0		
different	usr/lib/swift/appletvsimulator/_Volatile.swiftmodule/x86_64-apple-tvos-simulator.swiftmodule	24984	24984	0		
different	usr/lib/swift/appletvsimulator/_Volatile.swiftmodule/x86_64-apple-tvos-simulator.swiftsourceinfo	4396	4396	0		
different	usr/lib/swift/appletvsimulator/libswiftCxx.a	356656	356656	0		
different	usr/lib/swift/appletvsimulator/libswiftCxxStdlib.a	471504	471504	0		
different	usr/lib/swift/embedded/EmbeddedPlatformPOSIX.swiftmodule/aarch64-none-none-elf.swiftdoc	432	432	0		
different	usr/lib/swift/embedded/EmbeddedPlatformPOSIX.swiftmodule/aarch64-none-none-elf.swiftmodule	97344	97344	0		
different	usr/lib/swift/embedded/EmbeddedPlatformPOSIX.swiftmodule/aarch64-none-none-elf.swiftsourceinfo	1608	1608	0		
different	usr/lib/swift/embedded/EmbeddedPlatformPOSIX.swiftmodule/arm64-apple-ios.swiftdoc	428	428	0		
different	usr/lib/swift/embedded/EmbeddedPlatformPOSIX.swiftmodule/arm64-apple-ios.swiftmodule	97340	97340	0		
different	usr/lib/swift/embedded/EmbeddedPlatformPOSIX.swiftmodule/arm64-apple-ios.swiftsourceinfo	1604	1604	0		
different	usr/lib/swift/embedded/EmbeddedPlatformPOSIX.swiftmodule/arm64-apple-macos.swiftdoc	428	428	0		
different	usr/lib/swift/embedded/EmbeddedPlatformPOSIX.swiftmodule/arm64-apple-macos.swiftmodule	97340	97340	0		
different	usr/lib/swift/embedded/EmbeddedPlatformPOSIX.swiftmodule/arm64-apple-macos.swiftsourceinfo	1604	1604	0		
different	usr/lib/swift/embedded/EmbeddedPlatformPOSIX.swiftmodule/arm64-apple-none-macho.swiftdoc	432	432	0		
different	usr/lib/swift/embedded/EmbeddedPlatformPOSIX.swiftmodule/arm64-apple-none-macho.swiftmodule	97344	97344	0		
different	usr/lib/swift/embedded/EmbeddedPlatformPOSIX.swiftmodule/arm64-apple-none-macho.swiftsourceinfo	1608	1608	0		
different	usr/lib/swift/embedded/EmbeddedPlatformPOSIX.swiftmodule/arm64e-apple-ios.swiftdoc	428	428	0		
different	usr/lib/swift/embedded/EmbeddedPlatformPOSIX.swiftmodule/arm64e-apple-ios.swiftmodule	97340	97340	0		
different	usr/lib/swift/embedded/EmbeddedPlatformPOSIX.swiftmodule/arm64e-apple-ios.swiftsourceinfo	1604	1604	0		
different	usr/lib/swift/embedded/EmbeddedPlatformPOSIX.swiftmodule/arm64e-apple-macos.swiftdoc	428	428	0		
different	usr/lib/swift/embedded/EmbeddedPlatformPOSIX.swiftmodule/arm64e-apple-macos.swiftmodule	97340	97340	0		
different	usr/lib/swift/embedded/EmbeddedPlatformPOSIX.swiftmodule/arm64e-apple-macos.swiftsourceinfo	1604	1604	0		
different	usr/lib/swift/embedded/EmbeddedPlatformPOSIX.swiftmodule/arm64e-apple-none-macho.swiftdoc	432	432	0		
different	usr/lib/swift/embedded/EmbeddedPlatformPOSIX.swiftmodule/arm64e-apple-none-macho.swiftmodule	97344	97344	0		
different	usr/lib/swift/embedded/EmbeddedPlatformPOSIX.swiftmodule/arm64e-apple-none-macho.swiftsourceinfo	1608	1608	0		
different	usr/lib/swift/embedded/EmbeddedPlatformPOSIX.swiftmodule/armv4t-none-none-eabi.swiftdoc	432	432	0		
different	usr/lib/swift/embedded/EmbeddedPlatformPOSIX.swiftmodule/armv4t-none-none-eabi.swiftmodule	94560	94560	0		
different	usr/lib/swift/embedded/EmbeddedPlatformPOSIX.swiftmodule/armv4t-none-none-eabi.swiftsourceinfo	1608	1608	0		
different	usr/lib/swift/embedded/EmbeddedPlatformPOSIX.swiftmodule/armv6-apple-none-macho.swiftdoc	432	432	0		
different	usr/lib/swift/embedded/EmbeddedPlatformPOSIX.swiftmodule/armv6-apple-none-macho.swiftmodule	94560	94560	0		
different	usr/lib/swift/embedded/EmbeddedPlatformPOSIX.swiftmodule/armv6-apple-none-macho.swiftsourceinfo	1608	1608	0		
different	usr/lib/swift/embedded/EmbeddedPlatformPOSIX.swiftmodule/armv6-none-none-eabi.swiftdoc	428	428	0		
different	usr/lib/swift/embedded/EmbeddedPlatformPOSIX.swiftmodule/armv6-none-none-eabi.swiftmodule	94556	94556	0		
different	usr/lib/swift/embedded/EmbeddedPlatformPOSIX.swiftmodule/armv6-none-none-eabi.swiftsourceinfo	1604	1604	0		
different	usr/lib/swift/embedded/EmbeddedPlatformPOSIX.swiftmodule/armv6m-apple-none-macho.swiftdoc	432	432	0		
different	usr/lib/swift/embedded/EmbeddedPlatformPOSIX.swiftmodule/armv6m-apple-none-macho.swiftmodule	94560	94560	0		
different	usr/lib/swift/embedded/EmbeddedPlatformPOSIX.swiftmodule/armv6m-apple-none-macho.swiftsourceinfo	1608	1608	0		
different	usr/lib/swift/embedded/EmbeddedPlatformPOSIX.swiftmodule/armv6m-none-none-eabi.swiftdoc	432	432	0		
different	usr/lib/swift/embedded/EmbeddedPlatformPOSIX.swiftmodule/armv6m-none-none-eabi.swiftmodule	94560	94560	0		
different	usr/lib/swift/embedded/EmbeddedPlatformPOSIX.swiftmodule/armv6m-none-none-eabi.swiftsourceinfo	1608	1608	0		
different	usr/lib/swift/embedded/EmbeddedPlatformPOSIX.swiftmodule/armv7-apple-none-macho.swiftdoc	432	432	0		
different	usr/lib/swift/embedded/EmbeddedPlatformPOSIX.swiftmodule/armv7-apple-none-macho.swiftmodule	94560	94560	0		
different	usr/lib/swift/embedded/EmbeddedPlatformPOSIX.swiftmodule/armv7-apple-none-macho.swiftsourceinfo	1608	1608	0		
different	usr/lib/swift/embedded/EmbeddedPlatformPOSIX.swiftmodule/armv7-none-none-eabi.swiftdoc	428	428	0		
different	usr/lib/swift/embedded/EmbeddedPlatformPOSIX.swiftmodule/armv7-none-none-eabi.swiftmodule	94556	94556	0		
different	usr/lib/swift/embedded/EmbeddedPlatformPOSIX.swiftmodule/armv7-none-none-eabi.swiftsourceinfo	1604	1604	0		
different	usr/lib/swift/embedded/EmbeddedPlatformPOSIX.swiftmodule/armv7em-apple-none-macho.swiftdoc	432	432	0		
different	usr/lib/swift/embedded/EmbeddedPlatformPOSIX.swiftmodule/armv7em-apple-none-macho.swiftmodule	94560	94560	0		
different	usr/lib/swift/embedded/EmbeddedPlatformPOSIX.swiftmodule/armv7em-apple-none-macho.swiftsourceinfo	1608	1608	0		
different	usr/lib/swift/embedded/EmbeddedPlatformPOSIX.swiftmodule/armv7em-none-none-eabi.swiftdoc	432	432	0		
different	usr/lib/swift/embedded/EmbeddedPlatformPOSIX.swiftmodule/armv7em-none-none-eabi.swiftmodule	94560	94560	0		
different	usr/lib/swift/embedded/EmbeddedPlatformPOSIX.swiftmodule/armv7em-none-none-eabi.swiftsourceinfo	1608	1608	0		
different	usr/lib/swift/embedded/EmbeddedPlatformPOSIX.swiftmodule/armv7m-apple-none-macho.swiftdoc	432	432	0		
different	usr/lib/swift/embedded/EmbeddedPlatformPOSIX.swiftmodule/armv7m-apple-none-macho.swiftmodule	94560	94560	0		
different	usr/lib/swift/embedded/EmbeddedPlatformPOSIX.swiftmodule/armv7m-apple-none-macho.swiftsourceinfo	1608	1608	0		
different	usr/lib/swift/embedded/EmbeddedPlatformPOSIX.swiftmodule/i686-unknown-none-elf.swiftdoc	432	432	0		
different	usr/lib/swift/embedded/EmbeddedPlatformPOSIX.swiftmodule/i686-unknown-none-elf.swiftmodule	94560	94560	0		
different	usr/lib/swift/embedded/EmbeddedPlatformPOSIX.swiftmodule/i686-unknown-none-elf.swiftsourceinfo	1608	1608	0		
different	usr/lib/swift/embedded/EmbeddedPlatformPOSIX.swiftmodule/riscv32-none-none-eabi.swiftdoc	432	432	0		
different	usr/lib/swift/embedded/EmbeddedPlatformPOSIX.swiftmodule/riscv32-none-none-eabi.swiftmodule	94560	94560	0		
different	usr/lib/swift/embedded/EmbeddedPlatformPOSIX.swiftmodule/riscv32-none-none-eabi.swiftsourceinfo	1608	1608	0		
different	usr/lib/swift/embedded/EmbeddedPlatformPOSIX.swiftmodule/riscv64-none-none-eabi.swiftdoc	432	432	0		
different	usr/lib/swift/embedded/EmbeddedPlatformPOSIX.swiftmodule/riscv64-none-none-eabi.swiftmodule	97344	97344	0		
different	usr/lib/swift/embedded/EmbeddedPlatformPOSIX.swiftmodule/riscv64-none-none-eabi.swiftsourceinfo	1608	1608	0		
different	usr/lib/swift/embedded/EmbeddedPlatformPOSIX.swiftmodule/wasm32-unknown-none-wasm.swiftdoc	432	432	0		
different	usr/lib/swift/embedded/EmbeddedPlatformPOSIX.swiftmodule/wasm32-unknown-none-wasm.swiftmodule	94560	94560	0		
different	usr/lib/swift/embedded/EmbeddedPlatformPOSIX.swiftmodule/wasm32-unknown-none-wasm.swiftsourceinfo	1608	1608	0		
different	usr/lib/swift/embedded/EmbeddedPlatformPOSIX.swiftmodule/wasm64-unknown-none-wasm.swiftdoc	432	432	0		
different	usr/lib/swift/embedded/EmbeddedPlatformPOSIX.swiftmodule/wasm64-unknown-none-wasm.swiftmodule	97344	97344	0		
different	usr/lib/swift/embedded/EmbeddedPlatformPOSIX.swiftmodule/wasm64-unknown-none-wasm.swiftsourceinfo	1608	1608	0		
different	usr/lib/swift/embedded/EmbeddedPlatformPOSIX.swiftmodule/x86_64-apple-macos.swiftdoc	428	428	0		
different	usr/lib/swift/embedded/EmbeddedPlatformPOSIX.swiftmodule/x86_64-apple-macos.swiftmodule	97340	97340	0		
different	usr/lib/swift/embedded/EmbeddedPlatformPOSIX.swiftmodule/x86_64-apple-macos.swiftsourceinfo	1604	1604	0		
different	usr/lib/swift/embedded/EmbeddedPlatformPOSIX.swiftmodule/x86_64-unknown-none-elf.swiftdoc	432	432	0		
different	usr/lib/swift/embedded/EmbeddedPlatformPOSIX.swiftmodule/x86_64-unknown-none-elf.swiftmodule	97344	97344	0		
different	usr/lib/swift/embedded/EmbeddedPlatformPOSIX.swiftmodule/x86_64-unknown-none-elf.swiftsourceinfo	1608	1608	0		
different	usr/lib/swift/embedded/Swift.swiftmodule/aarch64-none-none-elf.swiftdoc	3965764	3965764	0		
different	usr/lib/swift/embedded/Swift.swiftmodule/aarch64-none-none-elf.swiftmodule	19972880	19972880	0		
different	usr/lib/swift/embedded/Swift.swiftmodule/aarch64-none-none-elf.swiftsourceinfo	3655080	3655080	0		
different	usr/lib/swift/embedded/Swift.swiftmodule/arm64-apple-ios.swiftdoc	3965692	3965692	0		
different	usr/lib/swift/embedded/Swift.swiftmodule/arm64-apple-ios.swiftmodule	19985804	19985804	0		
different	usr/lib/swift/embedded/Swift.swiftmodule/arm64-apple-ios.swiftsourceinfo	3655128	3655128	0		
different	usr/lib/swift/embedded/Swift.swiftmodule/arm64-apple-macos.swiftdoc	3965872	3965872	0		
different	usr/lib/swift/embedded/Swift.swiftmodule/arm64-apple-macos.swiftmodule	19984816	19984816	0		
different	usr/lib/swift/embedded/Swift.swiftmodule/arm64-apple-macos.swiftsourceinfo	3655460	3655460	0		
different	usr/lib/swift/embedded/Swift.swiftmodule/arm64-apple-none-macho.swiftdoc	3965764	3965764	0		
different	usr/lib/swift/embedded/Swift.swiftmodule/arm64-apple-none-macho.swiftmodule	19972880	19972880	0		
different	usr/lib/swift/embedded/Swift.swiftmodule/arm64-apple-none-macho.swiftsourceinfo	3655080	3655080	0		
different	usr/lib/swift/embedded/Swift.swiftmodule/arm64e-apple-ios.swiftdoc	3965692	3965692	0		
different	usr/lib/swift/embedded/Swift.swiftmodule/arm64e-apple-ios.swiftmodule	19986676	19986676	0		
different	usr/lib/swift/embedded/Swift.swiftmodule/arm64e-apple-ios.swiftsourceinfo	3655128	3655128	0		
different	usr/lib/swift/embedded/Swift.swiftmodule/arm64e-apple-macos.swiftdoc	3965872	3965872	0		
different	usr/lib/swift/embedded/Swift.swiftmodule/arm64e-apple-macos.swiftmodule	19985688	19985688	0		
different	usr/lib/swift/embedded/Swift.swiftmodule/arm64e-apple-macos.swiftsourceinfo	3655460	3655460	0		
different	usr/lib/swift/embedded/Swift.swiftmodule/arm64e-apple-none-macho.swiftdoc	3965764	3965764	0		
different	usr/lib/swift/embedded/Swift.swiftmodule/arm64e-apple-none-macho.swiftmodule	19973752	19973752	0		
different	usr/lib/swift/embedded/Swift.swiftmodule/arm64e-apple-none-macho.swiftsourceinfo	3655080	3655080	0		
different	usr/lib/swift/embedded/Swift.swiftmodule/armv4t-none-none-eabi.swiftdoc	3964796	3964796	0		
different	usr/lib/swift/embedded/Swift.swiftmodule/armv4t-none-none-eabi.swiftmodule	21277372	21277372	0		
different	usr/lib/swift/embedded/Swift.swiftmodule/armv4t-none-none-eabi.swiftsourceinfo	3654564	3654564	0		
different	usr/lib/swift/embedded/Swift.swiftmodule/armv6-apple-none-macho.swiftdoc	3964796	3964796	0		
different	usr/lib/swift/embedded/Swift.swiftmodule/armv6-apple-none-macho.swiftmodule	21277372	21277372	0		
different	usr/lib/swift/embedded/Swift.swiftmodule/armv6-apple-none-macho.swiftsourceinfo	3654564	3654564	0		
different	usr/lib/swift/embedded/Swift.swiftmodule/armv6-none-none-eabi.swiftdoc	3964792	3964792	0		
different	usr/lib/swift/embedded/Swift.swiftmodule/armv6-none-none-eabi.swiftmodule	21277368	21277368	0		
different	usr/lib/swift/embedded/Swift.swiftmodule/armv6-none-none-eabi.swiftsourceinfo	3654560	3654560	0		
different	usr/lib/swift/embedded/Swift.swiftmodule/armv6m-apple-none-macho.swiftdoc	3964796	3964796	0		
different	usr/lib/swift/embedded/Swift.swiftmodule/armv6m-apple-none-macho.swiftmodule	21277372	21277372	0		
different	usr/lib/swift/embedded/Swift.swiftmodule/armv6m-apple-none-macho.swiftsourceinfo	3654564	3654564	0		
different	usr/lib/swift/embedded/Swift.swiftmodule/armv6m-none-none-eabi.swiftdoc	3964796	3964796	0		
different	usr/lib/swift/embedded/Swift.swiftmodule/armv6m-none-none-eabi.swiftmodule	21277372	21277372	0		
different	usr/lib/swift/embedded/Swift.swiftmodule/armv6m-none-none-eabi.swiftsourceinfo	3654564	3654564	0		
different	usr/lib/swift/embedded/Swift.swiftmodule/armv7-apple-none-macho.swiftdoc	3964796	3964796	0		
different	usr/lib/swift/embedded/Swift.swiftmodule/armv7-apple-none-macho.swiftmodule	21277372	21277372	0		
different	usr/lib/swift/embedded/Swift.swiftmodule/armv7-apple-none-macho.swiftsourceinfo	3654564	3654564	0		
different	usr/lib/swift/embedded/Swift.swiftmodule/armv7-none-none-eabi.swiftdoc	3964792	3964792	0		
different	usr/lib/swift/embedded/Swift.swiftmodule/armv7-none-none-eabi.swiftmodule	21277368	21277368	0		
different	usr/lib/swift/embedded/Swift.swiftmodule/armv7-none-none-eabi.swiftsourceinfo	3654560	3654560	0		
different	usr/lib/swift/embedded/Swift.swiftmodule/armv7em-apple-none-macho.swiftdoc	3964796	3964796	0		
different	usr/lib/swift/embedded/Swift.swiftmodule/armv7em-apple-none-macho.swiftmodule	21277372	21277372	0		
different	usr/lib/swift/embedded/Swift.swiftmodule/armv7em-apple-none-macho.swiftsourceinfo	3654564	3654564	0		
different	usr/lib/swift/embedded/Swift.swiftmodule/armv7em-none-none-eabi.swiftdoc	3964796	3964796	0		
different	usr/lib/swift/embedded/Swift.swiftmodule/armv7em-none-none-eabi.swiftmodule	21277372	21277372	0		
different	usr/lib/swift/embedded/Swift.swiftmodule/armv7em-none-none-eabi.swiftsourceinfo	3654564	3654564	0		
different	usr/lib/swift/embedded/Swift.swiftmodule/armv7m-apple-none-macho.swiftdoc	3964796	3964796	0		
different	usr/lib/swift/embedded/Swift.swiftmodule/armv7m-apple-none-macho.swiftmodule	21277372	21277372	0		
different	usr/lib/swift/embedded/Swift.swiftmodule/armv7m-apple-none-macho.swiftsourceinfo	3654564	3654564	0		
different	usr/lib/swift/embedded/Swift.swiftmodule/avr-none-none-elf.swiftdoc	3964552	3964552	0		
different	usr/lib/swift/embedded/Swift.swiftmodule/avr-none-none-elf.swiftmodule	21486204	21486204	0		
different	usr/lib/swift/embedded/Swift.swiftmodule/avr-none-none-elf.swiftsourceinfo	3654140	3654140	0		
different	usr/lib/swift/embedded/Swift.swiftmodule/i686-unknown-none-elf.swiftdoc	3964844	3964844	0		
different	usr/lib/swift/embedded/Swift.swiftmodule/i686-unknown-none-elf.swiftmodule	21273616	21273616	0		
different	usr/lib/swift/embedded/Swift.swiftmodule/i686-unknown-none-elf.swiftsourceinfo	3654684	3654684	0		
different	usr/lib/swift/embedded/Swift.swiftmodule/riscv32-none-none-eabi.swiftdoc	3964796	3964796	0		
different	usr/lib/swift/embedded/Swift.swiftmodule/riscv32-none-none-eabi.swiftmodule	21273404	21273404	0		
different	usr/lib/swift/embedded/Swift.swiftmodule/riscv32-none-none-eabi.swiftsourceinfo	3654564	3654564	0		
different	usr/lib/swift/embedded/Swift.swiftmodule/riscv64-none-none-eabi.swiftdoc	3965648	3965648	0		
different	usr/lib/swift/embedded/Swift.swiftmodule/riscv64-none-none-eabi.swiftmodule	19971028	19971028	0		
different	usr/lib/swift/embedded/Swift.swiftmodule/riscv64-none-none-eabi.swiftsourceinfo	3655008	3655008	0		
different	usr/lib/swift/embedded/Swift.swiftmodule/wasm32-unknown-none-wasm.swiftdoc	3964796	3964796	0		
different	usr/lib/swift/embedded/Swift.swiftmodule/wasm32-unknown-none-wasm.swiftmodule	21273404	21273404	0		
different	usr/lib/swift/embedded/Swift.swiftmodule/wasm32-unknown-none-wasm.swiftsourceinfo	3654564	3654564	0		
different	usr/lib/swift/embedded/Swift.swiftmodule/wasm64-unknown-none-wasm.swiftdoc	3965648	3965648	0		
different	usr/lib/swift/embedded/Swift.swiftmodule/wasm64-unknown-none-wasm.swiftmodule	19971028	19971028	0		
different	usr/lib/swift/embedded/Swift.swiftmodule/wasm64-unknown-none-wasm.swiftsourceinfo	3655008	3655008	0		
different	usr/lib/swift/embedded/Swift.swiftmodule/x86_64-apple-macos.swiftdoc	3887952	3887952	0		
different	usr/lib/swift/embedded/Swift.swiftmodule/x86_64-apple-macos.swiftmodule	19948236	19948236	0		
different	usr/lib/swift/embedded/Swift.swiftmodule/x86_64-apple-macos.swiftsourceinfo	3571300	3571300	0		
different	usr/lib/swift/embedded/Swift.swiftmodule/x86_64-unknown-none-elf.swiftdoc	3965696	3965696	0		
different	usr/lib/swift/embedded/Swift.swiftmodule/x86_64-unknown-none-elf.swiftmodule	19971672	19971672	0		
different	usr/lib/swift/embedded/Swift.swiftmodule/x86_64-unknown-none-elf.swiftsourceinfo	3655132	3655132	0		
different	usr/lib/swift/embedded/Synchronization.swiftmodule/aarch64-none-none-elf.swiftdoc	251932	251932	0		
different	usr/lib/swift/embedded/Synchronization.swiftmodule/aarch64-none-none-elf.swiftmodule	854232	854232	0		
different	usr/lib/swift/embedded/Synchronization.swiftmodule/aarch64-none-none-elf.swiftsourceinfo	195912	195912	0		
different	usr/lib/swift/embedded/Synchronization.swiftmodule/arm64-apple-ios.swiftdoc	251928	251928	0		
different	usr/lib/swift/embedded/Synchronization.swiftmodule/arm64-apple-ios.swiftmodule	854416	854416	0		
different	usr/lib/swift/embedded/Synchronization.swiftmodule/arm64-apple-ios.swiftsourceinfo	195908	195908	0		
different	usr/lib/swift/embedded/Synchronization.swiftmodule/arm64-apple-macos.swiftdoc	251928	251928	0		
different	usr/lib/swift/embedded/Synchronization.swiftmodule/arm64-apple-macos.swiftmodule	854228	854228	0		
different	usr/lib/swift/embedded/Synchronization.swiftmodule/arm64-apple-macos.swiftsourceinfo	195908	195908	0		
different	usr/lib/swift/embedded/Synchronization.swiftmodule/arm64-apple-none-macho.swiftdoc	251932	251932	0		
different	usr/lib/swift/embedded/Synchronization.swiftmodule/arm64-apple-none-macho.swiftmodule	854232	854232	0		
different	usr/lib/swift/embedded/Synchronization.swiftmodule/arm64-apple-none-macho.swiftsourceinfo	195912	195912	0		
different	usr/lib/swift/embedded/Synchronization.swiftmodule/arm64e-apple-ios.swiftdoc	251928	251928	0		
different	usr/lib/swift/embedded/Synchronization.swiftmodule/arm64e-apple-ios.swiftmodule	854416	854416	0		
different	usr/lib/swift/embedded/Synchronization.swiftmodule/arm64e-apple-ios.swiftsourceinfo	195908	195908	0		
different	usr/lib/swift/embedded/Synchronization.swiftmodule/arm64e-apple-macos.swiftdoc	251928	251928	0		
different	usr/lib/swift/embedded/Synchronization.swiftmodule/arm64e-apple-macos.swiftmodule	854228	854228	0		
different	usr/lib/swift/embedded/Synchronization.swiftmodule/arm64e-apple-macos.swiftsourceinfo	195908	195908	0		
different	usr/lib/swift/embedded/Synchronization.swiftmodule/arm64e-apple-none-macho.swiftdoc	251932	251932	0		
different	usr/lib/swift/embedded/Synchronization.swiftmodule/arm64e-apple-none-macho.swiftmodule	854232	854232	0		
different	usr/lib/swift/embedded/Synchronization.swiftmodule/arm64e-apple-none-macho.swiftsourceinfo	195912	195912	0		
different	usr/lib/swift/embedded/Synchronization.swiftmodule/armv4t-none-none-eabi.swiftdoc	231088	231088	0		
different	usr/lib/swift/embedded/Synchronization.swiftmodule/armv4t-none-none-eabi.swiftmodule	790148	790148	0		
different	usr/lib/swift/embedded/Synchronization.swiftmodule/armv4t-none-none-eabi.swiftsourceinfo	181628	181628	0		
different	usr/lib/swift/embedded/Synchronization.swiftmodule/armv6-apple-none-macho.swiftdoc	231088	231088	0		
different	usr/lib/swift/embedded/Synchronization.swiftmodule/armv6-apple-none-macho.swiftmodule	790148	790148	0		
different	usr/lib/swift/embedded/Synchronization.swiftmodule/armv6-apple-none-macho.swiftsourceinfo	181628	181628	0		
different	usr/lib/swift/embedded/Synchronization.swiftmodule/armv6-none-none-eabi.swiftdoc	231084	231084	0		
different	usr/lib/swift/embedded/Synchronization.swiftmodule/armv6-none-none-eabi.swiftmodule	790144	790144	0		
different	usr/lib/swift/embedded/Synchronization.swiftmodule/armv6-none-none-eabi.swiftsourceinfo	181624	181624	0		
different	usr/lib/swift/embedded/Synchronization.swiftmodule/armv6m-apple-none-macho.swiftdoc	200300	200300	0		
different	usr/lib/swift/embedded/Synchronization.swiftmodule/armv6m-apple-none-macho.swiftmodule	698680	698680	0		
different	usr/lib/swift/embedded/Synchronization.swiftmodule/armv6m-apple-none-macho.swiftsourceinfo	160384	160384	0		
different	usr/lib/swift/embedded/Synchronization.swiftmodule/armv6m-none-none-eabi.swiftdoc	200300	200300	0		
different	usr/lib/swift/embedded/Synchronization.swiftmodule/armv6m-none-none-eabi.swiftmodule	698680	698680	0		
different	usr/lib/swift/embedded/Synchronization.swiftmodule/armv6m-none-none-eabi.swiftsourceinfo	160384	160384	0		
different	usr/lib/swift/embedded/Synchronization.swiftmodule/armv7-apple-none-macho.swiftdoc	231088	231088	0		
different	usr/lib/swift/embedded/Synchronization.swiftmodule/armv7-apple-none-macho.swiftmodule	790148	790148	0		
different	usr/lib/swift/embedded/Synchronization.swiftmodule/armv7-apple-none-macho.swiftsourceinfo	181628	181628	0		
different	usr/lib/swift/embedded/Synchronization.swiftmodule/armv7-none-none-eabi.swiftdoc	231084	231084	0		
different	usr/lib/swift/embedded/Synchronization.swiftmodule/armv7-none-none-eabi.swiftmodule	790144	790144	0		
different	usr/lib/swift/embedded/Synchronization.swiftmodule/armv7-none-none-eabi.swiftsourceinfo	181624	181624	0		
different	usr/lib/swift/embedded/Synchronization.swiftmodule/armv7em-apple-none-macho.swiftdoc	231088	231088	0		
different	usr/lib/swift/embedded/Synchronization.swiftmodule/armv7em-apple-none-macho.swiftmodule	790148	790148	0		
different	usr/lib/swift/embedded/Synchronization.swiftmodule/armv7em-apple-none-macho.swiftsourceinfo	181628	181628	0		
different	usr/lib/swift/embedded/Synchronization.swiftmodule/armv7em-none-none-eabi.swiftdoc	231088	231088	0		
different	usr/lib/swift/embedded/Synchronization.swiftmodule/armv7em-none-none-eabi.swiftmodule	790148	790148	0		
different	usr/lib/swift/embedded/Synchronization.swiftmodule/armv7em-none-none-eabi.swiftsourceinfo	181628	181628	0		
different	usr/lib/swift/embedded/Synchronization.swiftmodule/armv7m-apple-none-macho.swiftdoc	200300	200300	0		
different	usr/lib/swift/embedded/Synchronization.swiftmodule/armv7m-apple-none-macho.swiftmodule	698680	698680	0		
different	usr/lib/swift/embedded/Synchronization.swiftmodule/armv7m-apple-none-macho.swiftsourceinfo	160384	160384	0		
different	usr/lib/swift/embedded/Synchronization.swiftmodule/i686-unknown-none-elf.swiftdoc	231088	231088	0		
different	usr/lib/swift/embedded/Synchronization.swiftmodule/i686-unknown-none-elf.swiftmodule	790148	790148	0		
different	usr/lib/swift/embedded/Synchronization.swiftmodule/i686-unknown-none-elf.swiftsourceinfo	181628	181628	0		
different	usr/lib/swift/embedded/Synchronization.swiftmodule/riscv32-none-none-eabi.swiftdoc	200300	200300	0		
different	usr/lib/swift/embedded/Synchronization.swiftmodule/riscv32-none-none-eabi.swiftmodule	698680	698680	0		
different	usr/lib/swift/embedded/Synchronization.swiftmodule/riscv32-none-none-eabi.swiftsourceinfo	160384	160384	0		
different	usr/lib/swift/embedded/Synchronization.swiftmodule/riscv64-none-none-eabi.swiftdoc	221092	221092	0		
different	usr/lib/swift/embedded/Synchronization.swiftmodule/riscv64-none-none-eabi.swiftmodule	761444	761444	0		
different	usr/lib/swift/embedded/Synchronization.swiftmodule/riscv64-none-none-eabi.swiftsourceinfo	174592	174592	0		
different	usr/lib/swift/embedded/Synchronization.swiftmodule/wasm32-unknown-none-wasm.swiftdoc	235384	235384	0		
different	usr/lib/swift/embedded/Synchronization.swiftmodule/wasm32-unknown-none-wasm.swiftmodule	826536	826536	0		
different	usr/lib/swift/embedded/Synchronization.swiftmodule/wasm32-unknown-none-wasm.swiftsourceinfo	190244	190244	0		
different	usr/lib/swift/embedded/Synchronization.swiftmodule/wasm64-unknown-none-wasm.swiftdoc	221092	221092	0		
different	usr/lib/swift/embedded/Synchronization.swiftmodule/wasm64-unknown-none-wasm.swiftmodule	761444	761444	0		
different	usr/lib/swift/embedded/Synchronization.swiftmodule/wasm64-unknown-none-wasm.swiftsourceinfo	174592	174592	0		
different	usr/lib/swift/embedded/Synchronization.swiftmodule/x86_64-apple-macos.swiftdoc	249916	249916	0		
different	usr/lib/swift/embedded/Synchronization.swiftmodule/x86_64-apple-macos.swiftmodule	850640	850640	0		
different	usr/lib/swift/embedded/Synchronization.swiftmodule/x86_64-apple-macos.swiftsourceinfo	194488	194488	0		
different	usr/lib/swift/embedded/Synchronization.swiftmodule/x86_64-unknown-none-elf.swiftdoc	251932	251932	0		
different	usr/lib/swift/embedded/Synchronization.swiftmodule/x86_64-unknown-none-elf.swiftmodule	854232	854232	0		
different	usr/lib/swift/embedded/Synchronization.swiftmodule/x86_64-unknown-none-elf.swiftsourceinfo	195912	195912	0		
different	usr/lib/swift/embedded/_Builtin_float.swiftmodule/aarch64-none-none-elf.swiftdoc	424	424	0		
different	usr/lib/swift/embedded/_Builtin_float.swiftmodule/aarch64-none-none-elf.swiftmodule	91748	91748	0		
different	usr/lib/swift/embedded/_Builtin_float.swiftmodule/aarch64-none-none-elf.swiftsourceinfo	2828	2828	0		
different	usr/lib/swift/embedded/_Builtin_float.swiftmodule/arm64-apple-ios.swiftdoc	420	420	0		
different	usr/lib/swift/embedded/_Builtin_float.swiftmodule/arm64-apple-ios.swiftmodule	91744	91744	0		
different	usr/lib/swift/embedded/_Builtin_float.swiftmodule/arm64-apple-ios.swiftsourceinfo	2824	2824	0		
different	usr/lib/swift/embedded/_Builtin_float.swiftmodule/arm64-apple-macos.swiftdoc	420	420	0		
different	usr/lib/swift/embedded/_Builtin_float.swiftmodule/arm64-apple-macos.swiftmodule	91744	91744	0		
different	usr/lib/swift/embedded/_Builtin_float.swiftmodule/arm64-apple-macos.swiftsourceinfo	2824	2824	0		
different	usr/lib/swift/embedded/_Builtin_float.swiftmodule/arm64-apple-none-macho.swiftdoc	424	424	0		
different	usr/lib/swift/embedded/_Builtin_float.swiftmodule/arm64-apple-none-macho.swiftmodule	91748	91748	0		
different	usr/lib/swift/embedded/_Builtin_float.swiftmodule/arm64-apple-none-macho.swiftsourceinfo	2828	2828	0		
different	usr/lib/swift/embedded/_Builtin_float.swiftmodule/arm64e-apple-ios.swiftdoc	420	420	0		
different	usr/lib/swift/embedded/_Builtin_float.swiftmodule/arm64e-apple-ios.swiftmodule	91744	91744	0		
different	usr/lib/swift/embedded/_Builtin_float.swiftmodule/arm64e-apple-ios.swiftsourceinfo	2824	2824	0		
different	usr/lib/swift/embedded/_Builtin_float.swiftmodule/arm64e-apple-macos.swiftdoc	420	420	0		
different	usr/lib/swift/embedded/_Builtin_float.swiftmodule/arm64e-apple-macos.swiftmodule	91744	91744	0		
different	usr/lib/swift/embedded/_Builtin_float.swiftmodule/arm64e-apple-macos.swiftsourceinfo	2824	2824	0		
different	usr/lib/swift/embedded/_Builtin_float.swiftmodule/arm64e-apple-none-macho.swiftdoc	424	424	0		
different	usr/lib/swift/embedded/_Builtin_float.swiftmodule/arm64e-apple-none-macho.swiftmodule	91748	91748	0		
different	usr/lib/swift/embedded/_Builtin_float.swiftmodule/arm64e-apple-none-macho.swiftsourceinfo	2828	2828	0		
different	usr/lib/swift/embedded/_Builtin_float.swiftmodule/armv4t-none-none-eabi.swiftdoc	424	424	0		
different	usr/lib/swift/embedded/_Builtin_float.swiftmodule/armv4t-none-none-eabi.swiftmodule	88964	88964	0		
different	usr/lib/swift/embedded/_Builtin_float.swiftmodule/armv4t-none-none-eabi.swiftsourceinfo	2828	2828	0		
different	usr/lib/swift/embedded/_Builtin_float.swiftmodule/armv6-apple-none-macho.swiftdoc	424	424	0		
different	usr/lib/swift/embedded/_Builtin_float.swiftmodule/armv6-apple-none-macho.swiftmodule	88964	88964	0		
different	usr/lib/swift/embedded/_Builtin_float.swiftmodule/armv6-apple-none-macho.swiftsourceinfo	2828	2828	0		
different	usr/lib/swift/embedded/_Builtin_float.swiftmodule/armv6-none-none-eabi.swiftdoc	420	420	0		
different	usr/lib/swift/embedded/_Builtin_float.swiftmodule/armv6-none-none-eabi.swiftmodule	88960	88960	0		
different	usr/lib/swift/embedded/_Builtin_float.swiftmodule/armv6-none-none-eabi.swiftsourceinfo	2824	2824	0		
different	usr/lib/swift/embedded/_Builtin_float.swiftmodule/armv6m-apple-none-macho.swiftdoc	424	424	0		
different	usr/lib/swift/embedded/_Builtin_float.swiftmodule/armv6m-apple-none-macho.swiftmodule	88964	88964	0		
different	usr/lib/swift/embedded/_Builtin_float.swiftmodule/armv6m-apple-none-macho.swiftsourceinfo	2828	2828	0		
different	usr/lib/swift/embedded/_Builtin_float.swiftmodule/armv6m-none-none-eabi.swiftdoc	424	424	0		
different	usr/lib/swift/embedded/_Builtin_float.swiftmodule/armv6m-none-none-eabi.swiftmodule	88964	88964	0		
different	usr/lib/swift/embedded/_Builtin_float.swiftmodule/armv6m-none-none-eabi.swiftsourceinfo	2828	2828	0		
different	usr/lib/swift/embedded/_Builtin_float.swiftmodule/armv7-apple-none-macho.swiftdoc	424	424	0		
different	usr/lib/swift/embedded/_Builtin_float.swiftmodule/armv7-apple-none-macho.swiftmodule	88964	88964	0		
different	usr/lib/swift/embedded/_Builtin_float.swiftmodule/armv7-apple-none-macho.swiftsourceinfo	2828	2828	0		
different	usr/lib/swift/embedded/_Builtin_float.swiftmodule/armv7-none-none-eabi.swiftdoc	420	420	0		
different	usr/lib/swift/embedded/_Builtin_float.swiftmodule/armv7-none-none-eabi.swiftmodule	88960	88960	0		
different	usr/lib/swift/embedded/_Builtin_float.swiftmodule/armv7-none-none-eabi.swiftsourceinfo	2824	2824	0		
different	usr/lib/swift/embedded/_Builtin_float.swiftmodule/armv7em-apple-none-macho.swiftdoc	424	424	0		
different	usr/lib/swift/embedded/_Builtin_float.swiftmodule/armv7em-apple-none-macho.swiftmodule	88964	88964	0		
different	usr/lib/swift/embedded/_Builtin_float.swiftmodule/armv7em-apple-none-macho.swiftsourceinfo	2828	2828	0		
different	usr/lib/swift/embedded/_Builtin_float.swiftmodule/armv7em-none-none-eabi.swiftdoc	424	424	0		
different	usr/lib/swift/embedded/_Builtin_float.swiftmodule/armv7em-none-none-eabi.swiftmodule	88964	88964	0		
different	usr/lib/swift/embedded/_Builtin_float.swiftmodule/armv7em-none-none-eabi.swiftsourceinfo	2828	2828	0		
different	usr/lib/swift/embedded/_Builtin_float.swiftmodule/armv7m-apple-none-macho.swiftdoc	424	424	0		
different	usr/lib/swift/embedded/_Builtin_float.swiftmodule/armv7m-apple-none-macho.swiftmodule	88964	88964	0		
different	usr/lib/swift/embedded/_Builtin_float.swiftmodule/armv7m-apple-none-macho.swiftsourceinfo	2828	2828	0		
different	usr/lib/swift/embedded/_Builtin_float.swiftmodule/avr-none-none-elf.swiftdoc	420	420	0		
different	usr/lib/swift/embedded/_Builtin_float.swiftmodule/avr-none-none-elf.swiftmodule	93524	93524	0		
different	usr/lib/swift/embedded/_Builtin_float.swiftmodule/avr-none-none-elf.swiftsourceinfo	2824	2824	0		
different	usr/lib/swift/embedded/_Builtin_float.swiftmodule/i686-unknown-none-elf.swiftdoc	424	424	0		
different	usr/lib/swift/embedded/_Builtin_float.swiftmodule/i686-unknown-none-elf.swiftmodule	88964	88964	0		
different	usr/lib/swift/embedded/_Builtin_float.swiftmodule/i686-unknown-none-elf.swiftsourceinfo	2828	2828	0		
different	usr/lib/swift/embedded/_Builtin_float.swiftmodule/riscv32-none-none-eabi.swiftdoc	424	424	0		
different	usr/lib/swift/embedded/_Builtin_float.swiftmodule/riscv32-none-none-eabi.swiftmodule	88964	88964	0		
different	usr/lib/swift/embedded/_Builtin_float.swiftmodule/riscv32-none-none-eabi.swiftsourceinfo	2828	2828	0		
different	usr/lib/swift/embedded/_Builtin_float.swiftmodule/riscv64-none-none-eabi.swiftdoc	424	424	0		
different	usr/lib/swift/embedded/_Builtin_float.swiftmodule/riscv64-none-none-eabi.swiftmodule	91748	91748	0		
different	usr/lib/swift/embedded/_Builtin_float.swiftmodule/riscv64-none-none-eabi.swiftsourceinfo	2828	2828	0		
different	usr/lib/swift/embedded/_Builtin_float.swiftmodule/wasm32-unknown-none-wasm.swiftdoc	424	424	0		
different	usr/lib/swift/embedded/_Builtin_float.swiftmodule/wasm32-unknown-none-wasm.swiftmodule	88964	88964	0		
different	usr/lib/swift/embedded/_Builtin_float.swiftmodule/wasm32-unknown-none-wasm.swiftsourceinfo	2828	2828	0		
different	usr/lib/swift/embedded/_Builtin_float.swiftmodule/wasm64-unknown-none-wasm.swiftdoc	424	424	0		
different	usr/lib/swift/embedded/_Builtin_float.swiftmodule/wasm64-unknown-none-wasm.swiftmodule	91748	91748	0		
different	usr/lib/swift/embedded/_Builtin_float.swiftmodule/wasm64-unknown-none-wasm.swiftsourceinfo	2828	2828	0		
different	usr/lib/swift/embedded/_Builtin_float.swiftmodule/x86_64-apple-macos.swiftdoc	420	420	0		
different	usr/lib/swift/embedded/_Builtin_float.swiftmodule/x86_64-apple-macos.swiftmodule	91744	91744	0		
different	usr/lib/swift/embedded/_Builtin_float.swiftmodule/x86_64-apple-macos.swiftsourceinfo	2824	2824	0		
different	usr/lib/swift/embedded/_Builtin_float.swiftmodule/x86_64-unknown-none-elf.swiftdoc	424	424	0		
different	usr/lib/swift/embedded/_Builtin_float.swiftmodule/x86_64-unknown-none-elf.swiftmodule	91748	91748	0		
different	usr/lib/swift/embedded/_Builtin_float.swiftmodule/x86_64-unknown-none-elf.swiftsourceinfo	2828	2828	0		
different	usr/lib/swift/embedded/_Concurrency.swiftmodule/arm64-apple-ios.swiftdoc	420824	420824	0		
different	usr/lib/swift/embedded/_Concurrency.swiftmodule/arm64-apple-ios.swiftmodule	1492928	1492928	0		
different	usr/lib/swift/embedded/_Concurrency.swiftmodule/arm64-apple-ios.swiftsourceinfo	410592	410592	0		
different	usr/lib/swift/embedded/_Concurrency.swiftmodule/arm64-apple-macos.swiftdoc	420824	420824	0		
different	usr/lib/swift/embedded/_Concurrency.swiftmodule/arm64-apple-macos.swiftmodule	1492396	1492396	0		
different	usr/lib/swift/embedded/_Concurrency.swiftmodule/arm64-apple-macos.swiftsourceinfo	410592	410592	0		
different	usr/lib/swift/embedded/_Concurrency.swiftmodule/arm64-apple-none-macho.swiftdoc	420828	420828	0		
different	usr/lib/swift/embedded/_Concurrency.swiftmodule/arm64-apple-none-macho.swiftmodule	1491932	1491932	0		
different	usr/lib/swift/embedded/_Concurrency.swiftmodule/arm64-apple-none-macho.swiftsourceinfo	410596	410596	0		
different	usr/lib/swift/embedded/_Concurrency.swiftmodule/arm64e-apple-ios.swiftdoc	420824	420824	0		
different	usr/lib/swift/embedded/_Concurrency.swiftmodule/arm64e-apple-ios.swiftmodule	1492928	1492928	0		
different	usr/lib/swift/embedded/_Concurrency.swiftmodule/arm64e-apple-ios.swiftsourceinfo	410592	410592	0		
different	usr/lib/swift/embedded/_Concurrency.swiftmodule/arm64e-apple-macos.swiftdoc	420824	420824	0		
different	usr/lib/swift/embedded/_Concurrency.swiftmodule/arm64e-apple-macos.swiftmodule	1492396	1492396	0		
different	usr/lib/swift/embedded/_Concurrency.swiftmodule/arm64e-apple-macos.swiftsourceinfo	410592	410592	0		
different	usr/lib/swift/embedded/_Concurrency.swiftmodule/arm64e-apple-none-macho.swiftdoc	420828	420828	0		
different	usr/lib/swift/embedded/_Concurrency.swiftmodule/arm64e-apple-none-macho.swiftmodule	1491932	1491932	0		
different	usr/lib/swift/embedded/_Concurrency.swiftmodule/arm64e-apple-none-macho.swiftsourceinfo	410596	410596	0		
different	usr/lib/swift/embedded/_Concurrency.swiftmodule/armv7-apple-none-macho.swiftdoc	420828	420828	0		
different	usr/lib/swift/embedded/_Concurrency.swiftmodule/armv7-apple-none-macho.swiftmodule	1479928	1479928	0		
different	usr/lib/swift/embedded/_Concurrency.swiftmodule/armv7-apple-none-macho.swiftsourceinfo	410596	410596	0		
different	usr/lib/swift/embedded/_Concurrency.swiftmodule/armv7-none-none-eabi.swiftdoc	420824	420824	0		
different	usr/lib/swift/embedded/_Concurrency.swiftmodule/armv7-none-none-eabi.swiftmodule	1479924	1479924	0		
different	usr/lib/swift/embedded/_Concurrency.swiftmodule/armv7-none-none-eabi.swiftsourceinfo	410592	410592	0		
different	usr/lib/swift/embedded/_Concurrency.swiftmodule/armv7em-apple-none-macho.swiftdoc	420828	420828	0		
different	usr/lib/swift/embedded/_Concurrency.swiftmodule/armv7em-apple-none-macho.swiftmodule	1479928	1479928	0		
different	usr/lib/swift/embedded/_Concurrency.swiftmodule/armv7em-apple-none-macho.swiftsourceinfo	410596	410596	0		
different	usr/lib/swift/embedded/_Concurrency.swiftmodule/armv7em-none-none-eabi.swiftdoc	420828	420828	0		
different	usr/lib/swift/embedded/_Concurrency.swiftmodule/armv7em-none-none-eabi.swiftmodule	1479928	1479928	0		
different	usr/lib/swift/embedded/_Concurrency.swiftmodule/armv7em-none-none-eabi.swiftsourceinfo	410596	410596	0		
different	usr/lib/swift/embedded/_Concurrency.swiftmodule/armv7m-apple-none-macho.swiftdoc	420828	420828	0		
different	usr/lib/swift/embedded/_Concurrency.swiftmodule/armv7m-apple-none-macho.swiftmodule	1479928	1479928	0		
different	usr/lib/swift/embedded/_Concurrency.swiftmodule/armv7m-apple-none-macho.swiftsourceinfo	410596	410596	0		
different	usr/lib/swift/embedded/_Concurrency.swiftmodule/x86_64-apple-macos.swiftdoc	420824	420824	0		
different	usr/lib/swift/embedded/_Concurrency.swiftmodule/x86_64-apple-macos.swiftmodule	1492396	1492396	0		
different	usr/lib/swift/embedded/_Concurrency.swiftmodule/x86_64-apple-macos.swiftsourceinfo	410592	410592	0		
different	usr/lib/swift/embedded/_Concurrency.swiftmodule/x86_64-unknown-none-elf.swiftdoc	420828	420828	0		
different	usr/lib/swift/embedded/_Concurrency.swiftmodule/x86_64-unknown-none-elf.swiftmodule	1491932	1491932	0		
different	usr/lib/swift/embedded/_Concurrency.swiftmodule/x86_64-unknown-none-elf.swiftsourceinfo	410596	410596	0		
different	usr/lib/swift/embedded/_Volatile.swiftmodule/aarch64-none-none-elf.swiftdoc	3752	3752	0		
different	usr/lib/swift/embedded/_Volatile.swiftmodule/aarch64-none-none-elf.swiftmodule	79704	79704	0		
different	usr/lib/swift/embedded/_Volatile.swiftmodule/aarch64-none-none-elf.swiftsourceinfo	4388	4388	0		
different	usr/lib/swift/embedded/_Volatile.swiftmodule/arm64-apple-ios.swiftdoc	3748	3748	0		
different	usr/lib/swift/embedded/_Volatile.swiftmodule/arm64-apple-ios.swiftmodule	79700	79700	0		
different	usr/lib/swift/embedded/_Volatile.swiftmodule/arm64-apple-ios.swiftsourceinfo	4384	4384	0		
different	usr/lib/swift/embedded/_Volatile.swiftmodule/arm64-apple-macos.swiftdoc	3748	3748	0		
different	usr/lib/swift/embedded/_Volatile.swiftmodule/arm64-apple-macos.swiftmodule	79700	79700	0		
different	usr/lib/swift/embedded/_Volatile.swiftmodule/arm64-apple-macos.swiftsourceinfo	4384	4384	0		
different	usr/lib/swift/embedded/_Volatile.swiftmodule/arm64-apple-none-macho.swiftdoc	3752	3752	0		
different	usr/lib/swift/embedded/_Volatile.swiftmodule/arm64-apple-none-macho.swiftmodule	79704	79704	0		
different	usr/lib/swift/embedded/_Volatile.swiftmodule/arm64-apple-none-macho.swiftsourceinfo	4388	4388	0		
different	usr/lib/swift/embedded/_Volatile.swiftmodule/arm64e-apple-ios.swiftdoc	3748	3748	0		
different	usr/lib/swift/embedded/_Volatile.swiftmodule/arm64e-apple-ios.swiftmodule	79700	79700	0		
different	usr/lib/swift/embedded/_Volatile.swiftmodule/arm64e-apple-ios.swiftsourceinfo	4384	4384	0		
different	usr/lib/swift/embedded/_Volatile.swiftmodule/arm64e-apple-macos.swiftdoc	3748	3748	0		
different	usr/lib/swift/embedded/_Volatile.swiftmodule/arm64e-apple-macos.swiftmodule	79700	79700	0		
different	usr/lib/swift/embedded/_Volatile.swiftmodule/arm64e-apple-macos.swiftsourceinfo	4384	4384	0		
different	usr/lib/swift/embedded/_Volatile.swiftmodule/arm64e-apple-none-macho.swiftdoc	3752	3752	0		
different	usr/lib/swift/embedded/_Volatile.swiftmodule/arm64e-apple-none-macho.swiftmodule	79704	79704	0		
different	usr/lib/swift/embedded/_Volatile.swiftmodule/arm64e-apple-none-macho.swiftsourceinfo	4388	4388	0		
different	usr/lib/swift/embedded/_Volatile.swiftmodule/armv4t-none-none-eabi.swiftdoc	3752	3752	0		
different	usr/lib/swift/embedded/_Volatile.swiftmodule/armv4t-none-none-eabi.swiftmodule	81480	81480	0		
different	usr/lib/swift/embedded/_Volatile.swiftmodule/armv4t-none-none-eabi.swiftsourceinfo	4388	4388	0		
different	usr/lib/swift/embedded/_Volatile.swiftmodule/armv6-apple-none-macho.swiftdoc	3752	3752	0		
different	usr/lib/swift/embedded/_Volatile.swiftmodule/armv6-apple-none-macho.swiftmodule	81480	81480	0		
different	usr/lib/swift/embedded/_Volatile.swiftmodule/armv6-apple-none-macho.swiftsourceinfo	4388	4388	0		
different	usr/lib/swift/embedded/_Volatile.swiftmodule/armv6-none-none-eabi.swiftdoc	3748	3748	0		
different	usr/lib/swift/embedded/_Volatile.swiftmodule/armv6-none-none-eabi.swiftmodule	81476	81476	0		
different	usr/lib/swift/embedded/_Volatile.swiftmodule/armv6-none-none-eabi.swiftsourceinfo	4384	4384	0		
different	usr/lib/swift/embedded/_Volatile.swiftmodule/armv6m-apple-none-macho.swiftdoc	3752	3752	0		
different	usr/lib/swift/embedded/_Volatile.swiftmodule/armv6m-apple-none-macho.swiftmodule	81480	81480	0		
different	usr/lib/swift/embedded/_Volatile.swiftmodule/armv6m-apple-none-macho.swiftsourceinfo	4388	4388	0		
different	usr/lib/swift/embedded/_Volatile.swiftmodule/armv6m-none-none-eabi.swiftdoc	3752	3752	0		
different	usr/lib/swift/embedded/_Volatile.swiftmodule/armv6m-none-none-eabi.swiftmodule	81480	81480	0		
different	usr/lib/swift/embedded/_Volatile.swiftmodule/armv6m-none-none-eabi.swiftsourceinfo	4388	4388	0		
different	usr/lib/swift/embedded/_Volatile.swiftmodule/armv7-apple-none-macho.swiftdoc	3752	3752	0		
different	usr/lib/swift/embedded/_Volatile.swiftmodule/armv7-apple-none-macho.swiftmodule	81480	81480	0		
different	usr/lib/swift/embedded/_Volatile.swiftmodule/armv7-apple-none-macho.swiftsourceinfo	4388	4388	0		
different	usr/lib/swift/embedded/_Volatile.swiftmodule/armv7-none-none-eabi.swiftdoc	3748	3748	0		
different	usr/lib/swift/embedded/_Volatile.swiftmodule/armv7-none-none-eabi.swiftmodule	81476	81476	0		
different	usr/lib/swift/embedded/_Volatile.swiftmodule/armv7-none-none-eabi.swiftsourceinfo	4384	4384	0		
different	usr/lib/swift/embedded/_Volatile.swiftmodule/armv7em-apple-none-macho.swiftdoc	3752	3752	0		
different	usr/lib/swift/embedded/_Volatile.swiftmodule/armv7em-apple-none-macho.swiftmodule	81480	81480	0		
different	usr/lib/swift/embedded/_Volatile.swiftmodule/armv7em-apple-none-macho.swiftsourceinfo	4388	4388	0		
different	usr/lib/swift/embedded/_Volatile.swiftmodule/armv7em-none-none-eabi.swiftdoc	3752	3752	0		
different	usr/lib/swift/embedded/_Volatile.swiftmodule/armv7em-none-none-eabi.swiftmodule	81480	81480	0		
different	usr/lib/swift/embedded/_Volatile.swiftmodule/armv7em-none-none-eabi.swiftsourceinfo	4388	4388	0		
different	usr/lib/swift/embedded/_Volatile.swiftmodule/armv7m-apple-none-macho.swiftdoc	3752	3752	0		
different	usr/lib/swift/embedded/_Volatile.swiftmodule/armv7m-apple-none-macho.swiftmodule	81480	81480	0		
different	usr/lib/swift/embedded/_Volatile.swiftmodule/armv7m-apple-none-macho.swiftsourceinfo	4388	4388	0		
different	usr/lib/swift/embedded/_Volatile.swiftmodule/avr-none-none-elf.swiftdoc	3748	3748	0		
different	usr/lib/swift/embedded/_Volatile.swiftmodule/avr-none-none-elf.swiftmodule	78716	78716	0		
different	usr/lib/swift/embedded/_Volatile.swiftmodule/avr-none-none-elf.swiftsourceinfo	4384	4384	0		
different	usr/lib/swift/embedded/_Volatile.swiftmodule/i686-unknown-none-elf.swiftdoc	3752	3752	0		
different	usr/lib/swift/embedded/_Volatile.swiftmodule/i686-unknown-none-elf.swiftmodule	81480	81480	0		
different	usr/lib/swift/embedded/_Volatile.swiftmodule/i686-unknown-none-elf.swiftsourceinfo	4388	4388	0		
different	usr/lib/swift/embedded/_Volatile.swiftmodule/riscv32-none-none-eabi.swiftdoc	3752	3752	0		
different	usr/lib/swift/embedded/_Volatile.swiftmodule/riscv32-none-none-eabi.swiftmodule	81480	81480	0		
different	usr/lib/swift/embedded/_Volatile.swiftmodule/riscv32-none-none-eabi.swiftsourceinfo	4388	4388	0		
different	usr/lib/swift/embedded/_Volatile.swiftmodule/riscv64-none-none-eabi.swiftdoc	3752	3752	0		
different	usr/lib/swift/embedded/_Volatile.swiftmodule/riscv64-none-none-eabi.swiftmodule	79704	79704	0		
different	usr/lib/swift/embedded/_Volatile.swiftmodule/riscv64-none-none-eabi.swiftsourceinfo	4388	4388	0		
different	usr/lib/swift/embedded/_Volatile.swiftmodule/wasm32-unknown-none-wasm.swiftdoc	3752	3752	0		
different	usr/lib/swift/embedded/_Volatile.swiftmodule/wasm32-unknown-none-wasm.swiftmodule	81480	81480	0		
different	usr/lib/swift/embedded/_Volatile.swiftmodule/wasm32-unknown-none-wasm.swiftsourceinfo	4388	4388	0		
different	usr/lib/swift/embedded/_Volatile.swiftmodule/wasm64-unknown-none-wasm.swiftdoc	3752	3752	0		
different	usr/lib/swift/embedded/_Volatile.swiftmodule/wasm64-unknown-none-wasm.swiftmodule	79704	79704	0		
different	usr/lib/swift/embedded/_Volatile.swiftmodule/wasm64-unknown-none-wasm.swiftsourceinfo	4388	4388	0		
different	usr/lib/swift/embedded/_Volatile.swiftmodule/x86_64-apple-macos.swiftdoc	3748	3748	0		
different	usr/lib/swift/embedded/_Volatile.swiftmodule/x86_64-apple-macos.swiftmodule	79700	79700	0		
different	usr/lib/swift/embedded/_Volatile.swiftmodule/x86_64-apple-macos.swiftsourceinfo	4384	4384	0		
different	usr/lib/swift/embedded/_Volatile.swiftmodule/x86_64-unknown-none-elf.swiftdoc	3752	3752	0		
different	usr/lib/swift/embedded/_Volatile.swiftmodule/x86_64-unknown-none-elf.swiftmodule	79704	79704	0		
different	usr/lib/swift/embedded/_Volatile.swiftmodule/x86_64-unknown-none-elf.swiftsourceinfo	4388	4388	0		
different	usr/lib/swift/embedded/aarch64-none-none-elf/libswiftEmbeddedPlatformPOSIX.a	96	96	0		
different	usr/lib/swift/embedded/arm64-apple-ios/libswiftEmbeddedPlatformPOSIX.a	11064	11064	0		
different	usr/lib/swift/embedded/arm64-apple-ios/libswift_Concurrency.a	133752	134640	888		
different	usr/lib/swift/embedded/arm64-apple-macos/libswiftEmbeddedPlatformPOSIX.a	10960	10960	0		
different	usr/lib/swift/embedded/arm64-apple-macos/libswift_Concurrency.a	131656	132688	1032		
different	usr/lib/swift/embedded/arm64-apple-none-macho/libswiftEmbeddedPlatformPOSIX.a	11048	11048	0		
different	usr/lib/swift/embedded/arm64-apple-none-macho/libswift_Concurrency.a	136136	137184	1048		
different	usr/lib/swift/embedded/arm64e-apple-ios/libswiftEmbeddedPlatformPOSIX.a	12120	12120	0		
different	usr/lib/swift/embedded/arm64e-apple-ios/libswift_Concurrency.a	152856	153176	320		
different	usr/lib/swift/embedded/arm64e-apple-macos/libswiftEmbeddedPlatformPOSIX.a	12104	12104	0		
different	usr/lib/swift/embedded/arm64e-apple-macos/libswift_Concurrency.a	151832	152176	344		
different	usr/lib/swift/embedded/arm64e-apple-none-macho/libswiftEmbeddedPlatformPOSIX.a	12088	12088	0		
different	usr/lib/swift/embedded/arm64e-apple-none-macho/libswift_Concurrency.a	154848	155344	496		
different	usr/lib/swift/embedded/armv4t-none-none-eabi/libswiftEmbeddedPlatformPOSIX.a	96	96	0		
different	usr/lib/swift/embedded/armv6-apple-none-macho/libswiftEmbeddedPlatformPOSIX.a	11232	11232	0		
different	usr/lib/swift/embedded/armv6-none-none-eabi/libswiftEmbeddedPlatformPOSIX.a	96	96	0		
different	usr/lib/swift/embedded/armv6m-apple-none-macho/libswiftEmbeddedPlatformPOSIX.a	10240	10240	0		
different	usr/lib/swift/embedded/armv6m-none-none-eabi/libswiftEmbeddedPlatformPOSIX.a	96	96	0		
different	usr/lib/swift/embedded/armv7-apple-none-macho/libswiftEmbeddedPlatformPOSIX.a	9952	9952	0		
different	usr/lib/swift/embedded/armv7-apple-none-macho/libswift_Concurrency.a	120048	121168	1120		
different	usr/lib/swift/embedded/armv7-none-none-eabi/libswiftEmbeddedPlatformPOSIX.a	96	96	0		
different	usr/lib/swift/embedded/armv7-none-none-eabi/libswift_Concurrency.a	209804	211278	1474		
different	usr/lib/swift/embedded/armv7em-apple-none-macho/libswiftEmbeddedPlatformPOSIX.a	10128	10128	0		
different	usr/lib/swift/embedded/armv7em-apple-none-macho/libswift_Concurrency.a	123904	124936	1032		
different	usr/lib/swift/embedded/armv7em-none-none-eabi/libswiftEmbeddedPlatformPOSIX.a	96	96	0		
different	usr/lib/swift/embedded/armv7em-none-none-eabi/libswift_Concurrency.a	201168	202742	1574		
different	usr/lib/swift/embedded/armv7m-apple-none-macho/libswiftEmbeddedPlatformPOSIX.a	10120	10120	0		
different	usr/lib/swift/embedded/armv7m-apple-none-macho/libswift_Concurrency.a	123864	124896	1032		
different	usr/lib/swift/embedded/i686-unknown-none-elf/libswiftEmbeddedPlatformPOSIX.a	96	96	0		
different	usr/lib/swift/embedded/riscv32-none-none-eabi/libswiftEmbeddedPlatformPOSIX.a	96	96	0		
different	usr/lib/swift/embedded/riscv64-none-none-eabi/libswiftEmbeddedPlatformPOSIX.a	96	96	0		
different	usr/lib/swift/embedded/wasm32-unknown-none-wasm/libswiftEmbeddedPlatformPOSIX.a	96	96	0		
different	usr/lib/swift/embedded/wasm64-unknown-none-wasm/libswiftEmbeddedPlatformPOSIX.a	96	96	0		
different	usr/lib/swift/embedded/x86_64-apple-macos/libswiftEmbeddedPlatformPOSIX.a	10840	10840	0		
different	usr/lib/swift/embedded/x86_64-apple-macos/libswift_Concurrency.a	143176	143512	336		
different	usr/lib/swift/embedded/x86_64-unknown-none-elf/libswiftEmbeddedPlatformPOSIX.a	96	96	0		
different	usr/lib/swift/embedded/x86_64-unknown-none-elf/libswift_Concurrency.a	212726	213392	666		
different	usr/lib/swift/host/compiler/lib_InternalSwiftScan.dylib	604568120	604568120	0		
different	usr/lib/swift/iphoneos/Cxx.swiftmodule/arm64-apple-ios.private.swiftinterface	33867	33867	0		
different	usr/lib/swift/iphoneos/Cxx.swiftmodule/arm64-apple-ios.swiftdoc	13872	13872	0		
different	usr/lib/swift/iphoneos/Cxx.swiftmodule/arm64-apple-ios.swiftinterface	33867	33867	0		
different	usr/lib/swift/iphoneos/Cxx.swiftmodule/arm64-apple-ios.swiftsourceinfo	48428	48428	0		
different	usr/lib/swift/iphoneos/Cxx.swiftmodule/arm64e-apple-ios.private.swiftinterface	33868	33868	0		
different	usr/lib/swift/iphoneos/Cxx.swiftmodule/arm64e-apple-ios.swiftdoc	13872	13872	0		
different	usr/lib/swift/iphoneos/Cxx.swiftmodule/arm64e-apple-ios.swiftinterface	33868	33868	0		
different	usr/lib/swift/iphoneos/Cxx.swiftmodule/arm64e-apple-ios.swiftsourceinfo	48428	48428	0		
different	usr/lib/swift/iphoneos/CxxStdlib.swiftmodule/arm64-apple-ios.private.swiftinterface	19618	19618	0		
different	usr/lib/swift/iphoneos/CxxStdlib.swiftmodule/arm64-apple-ios.swiftdoc	7100	7100	0		
different	usr/lib/swift/iphoneos/CxxStdlib.swiftmodule/arm64-apple-ios.swiftinterface	19618	19618	0		
different	usr/lib/swift/iphoneos/CxxStdlib.swiftmodule/arm64-apple-ios.swiftsourceinfo	32612	32612	0		
different	usr/lib/swift/iphoneos/CxxStdlib.swiftmodule/arm64e-apple-ios.private.swiftinterface	19619	19619	0		
different	usr/lib/swift/iphoneos/CxxStdlib.swiftmodule/arm64e-apple-ios.swiftdoc	7100	7100	0		
different	usr/lib/swift/iphoneos/CxxStdlib.swiftmodule/arm64e-apple-ios.swiftinterface	19619	19619	0		
different	usr/lib/swift/iphoneos/CxxStdlib.swiftmodule/arm64e-apple-ios.swiftsourceinfo	32612	32612	0		
different	usr/lib/swift/iphoneos/Distributed.swiftmodule/arm64-apple-ios.private.swiftinterface	23303	23303	0		
different	usr/lib/swift/iphoneos/Distributed.swiftmodule/arm64-apple-ios.swiftdoc	78084	78084	0		
different	usr/lib/swift/iphoneos/Distributed.swiftmodule/arm64-apple-ios.swiftinterface	23303	23303	0		
different	usr/lib/swift/iphoneos/Distributed.swiftmodule/arm64-apple-ios.swiftmodule	89848	89848	0		
different	usr/lib/swift/iphoneos/Distributed.swiftmodule/arm64-apple-ios.swiftsourceinfo	61556	61556	0		
different	usr/lib/swift/iphoneos/Distributed.swiftmodule/arm64e-apple-ios.private.swiftinterface	23304	23304	0		
different	usr/lib/swift/iphoneos/Distributed.swiftmodule/arm64e-apple-ios.swiftdoc	78084	78084	0		
different	usr/lib/swift/iphoneos/Distributed.swiftmodule/arm64e-apple-ios.swiftinterface	23304	23304	0		
different	usr/lib/swift/iphoneos/Distributed.swiftmodule/arm64e-apple-ios.swiftmodule	89848	89848	0		
different	usr/lib/swift/iphoneos/Distributed.swiftmodule/arm64e-apple-ios.swiftsourceinfo	61556	61556	0		
different	usr/lib/swift/iphoneos/Observation.swiftmodule/arm64-apple-ios.private.swiftinterface	11995	11995	0		
different	usr/lib/swift/iphoneos/Observation.swiftmodule/arm64-apple-ios.swiftdoc	8504	8504	0		
different	usr/lib/swift/iphoneos/Observation.swiftmodule/arm64-apple-ios.swiftinterface	10474	10474	0		
different	usr/lib/swift/iphoneos/Observation.swiftmodule/arm64-apple-ios.swiftmodule	99924	99924	0		
different	usr/lib/swift/iphoneos/Observation.swiftmodule/arm64-apple-ios.swiftsourceinfo	18220	18220	0		
different	usr/lib/swift/iphoneos/Observation.swiftmodule/arm64e-apple-ios.private.swiftinterface	11996	11996	0		
different	usr/lib/swift/iphoneos/Observation.swiftmodule/arm64e-apple-ios.swiftdoc	8504	8504	0		
different	usr/lib/swift/iphoneos/Observation.swiftmodule/arm64e-apple-ios.swiftinterface	10475	10475	0		
different	usr/lib/swift/iphoneos/Observation.swiftmodule/arm64e-apple-ios.swiftmodule	99924	99924	0		
different	usr/lib/swift/iphoneos/Observation.swiftmodule/arm64e-apple-ios.swiftsourceinfo	18220	18220	0		
different	usr/lib/swift/iphoneos/RegexBuilder.swiftmodule/arm64-apple-ios.private.swiftinterface	206076	206076	0		
different	usr/lib/swift/iphoneos/RegexBuilder.swiftmodule/arm64-apple-ios.swiftdoc	265756	265756	0		
different	usr/lib/swift/iphoneos/RegexBuilder.swiftmodule/arm64-apple-ios.swiftinterface	206056	206056	0		
different	usr/lib/swift/iphoneos/RegexBuilder.swiftmodule/arm64-apple-ios.swiftmodule	1232612	1232612	0		
different	usr/lib/swift/iphoneos/RegexBuilder.swiftmodule/arm64-apple-ios.swiftsourceinfo	359880	359880	0		
different	usr/lib/swift/iphoneos/RegexBuilder.swiftmodule/arm64e-apple-ios.private.swiftinterface	206077	206077	0		
different	usr/lib/swift/iphoneos/RegexBuilder.swiftmodule/arm64e-apple-ios.swiftdoc	265756	265756	0		
different	usr/lib/swift/iphoneos/RegexBuilder.swiftmodule/arm64e-apple-ios.swiftinterface	206057	206057	0		
different	usr/lib/swift/iphoneos/RegexBuilder.swiftmodule/arm64e-apple-ios.swiftmodule	1232612	1232612	0		
different	usr/lib/swift/iphoneos/RegexBuilder.swiftmodule/arm64e-apple-ios.swiftsourceinfo	359880	359880	0		
different	usr/lib/swift/iphoneos/Swift.swiftmodule/arm64-apple-ios.private.swiftinterface	2403153	2403153	0		
different	usr/lib/swift/iphoneos/Swift.swiftmodule/arm64-apple-ios.swiftdoc	4372260	4372260	0		
different	usr/lib/swift/iphoneos/Swift.swiftmodule/arm64-apple-ios.swiftinterface	2347739	2347739	0		
different	usr/lib/swift/iphoneos/Swift.swiftmodule/arm64-apple-ios.swiftmodule	17067196	17067196	0		
different	usr/lib/swift/iphoneos/Swift.swiftmodule/arm64-apple-ios.swiftsourceinfo	4046720	4046720	0		
different	usr/lib/swift/iphoneos/Swift.swiftmodule/arm64e-apple-ios.private.swiftinterface	2403154	2403154	0		
different	usr/lib/swift/iphoneos/Swift.swiftmodule/arm64e-apple-ios.swiftdoc	4372260	4372260	0		
different	usr/lib/swift/iphoneos/Swift.swiftmodule/arm64e-apple-ios.swiftinterface	2347740	2347740	0		
different	usr/lib/swift/iphoneos/Swift.swiftmodule/arm64e-apple-ios.swiftmodule	17068112	17068112	0		
different	usr/lib/swift/iphoneos/Swift.swiftmodule/arm64e-apple-ios.swiftsourceinfo	4046720	4046720	0		
different	usr/lib/swift/iphoneos/SwiftOnoneSupport.swiftmodule/arm64-apple-ios.private.swiftinterface	1074	1074	0		
different	usr/lib/swift/iphoneos/SwiftOnoneSupport.swiftmodule/arm64-apple-ios.swiftdoc	424	424	0		
different	usr/lib/swift/iphoneos/SwiftOnoneSupport.swiftmodule/arm64-apple-ios.swiftinterface	1074	1074	0		
different	usr/lib/swift/iphoneos/SwiftOnoneSupport.swiftmodule/arm64-apple-ios.swiftmodule	247968	247968	0		
different	usr/lib/swift/iphoneos/SwiftOnoneSupport.swiftmodule/arm64-apple-ios.swiftsourceinfo	3236	3236	0		
different	usr/lib/swift/iphoneos/SwiftOnoneSupport.swiftmodule/arm64e-apple-ios.private.swiftinterface	1075	1075	0		
different	usr/lib/swift/iphoneos/SwiftOnoneSupport.swiftmodule/arm64e-apple-ios.swiftdoc	424	424	0		
different	usr/lib/swift/iphoneos/SwiftOnoneSupport.swiftmodule/arm64e-apple-ios.swiftinterface	1075	1075	0		
different	usr/lib/swift/iphoneos/SwiftOnoneSupport.swiftmodule/arm64e-apple-ios.swiftmodule	247968	247968	0		
different	usr/lib/swift/iphoneos/SwiftOnoneSupport.swiftmodule/arm64e-apple-ios.swiftsourceinfo	3236	3236	0		
different	usr/lib/swift/iphoneos/Synchronization.swiftmodule/arm64-apple-ios.private.swiftinterface	242756	242756	0		
different	usr/lib/swift/iphoneos/Synchronization.swiftmodule/arm64-apple-ios.swiftdoc	256224	256224	0		
different	usr/lib/swift/iphoneos/Synchronization.swiftmodule/arm64-apple-ios.swiftinterface	242756	242756	0		
different	usr/lib/swift/iphoneos/Synchronization.swiftmodule/arm64-apple-ios.swiftmodule	578572	578572	0		
different	usr/lib/swift/iphoneos/Synchronization.swiftmodule/arm64-apple-ios.swiftsourceinfo	203568	203568	0		
different	usr/lib/swift/iphoneos/Synchronization.swiftmodule/arm64e-apple-ios.private.swiftinterface	242757	242757	0		
different	usr/lib/swift/iphoneos/Synchronization.swiftmodule/arm64e-apple-ios.swiftdoc	256224	256224	0		
different	usr/lib/swift/iphoneos/Synchronization.swiftmodule/arm64e-apple-ios.swiftinterface	242757	242757	0		
different	usr/lib/swift/iphoneos/Synchronization.swiftmodule/arm64e-apple-ios.swiftmodule	578572	578572	0		
different	usr/lib/swift/iphoneos/Synchronization.swiftmodule/arm64e-apple-ios.swiftsourceinfo	203568	203568	0		
different	usr/lib/swift/iphoneos/_Builtin_float.swiftmodule/arm64-apple-ios.private.swiftinterface	4226	4226	0		
different	usr/lib/swift/iphoneos/_Builtin_float.swiftmodule/arm64-apple-ios.swiftdoc	420	420	0		
different	usr/lib/swift/iphoneos/_Builtin_float.swiftmodule/arm64-apple-ios.swiftinterface	4226	4226	0		
different	usr/lib/swift/iphoneos/_Builtin_float.swiftmodule/arm64-apple-ios.swiftmodule	23696	23696	0		
different	usr/lib/swift/iphoneos/_Builtin_float.swiftmodule/arm64-apple-ios.swiftsourceinfo	2824	2824	0		
different	usr/lib/swift/iphoneos/_Builtin_float.swiftmodule/arm64e-apple-ios.private.swiftinterface	4227	4227	0		
different	usr/lib/swift/iphoneos/_Builtin_float.swiftmodule/arm64e-apple-ios.swiftdoc	420	420	0		
different	usr/lib/swift/iphoneos/_Builtin_float.swiftmodule/arm64e-apple-ios.swiftinterface	4227	4227	0		
different	usr/lib/swift/iphoneos/_Builtin_float.swiftmodule/arm64e-apple-ios.swiftmodule	23696	23696	0		
different	usr/lib/swift/iphoneos/_Builtin_float.swiftmodule/arm64e-apple-ios.swiftsourceinfo	2824	2824	0		
different	usr/lib/swift/iphoneos/_Concurrency.swiftmodule/arm64-apple-ios.private.swiftinterface	303431	303431	0		
different	usr/lib/swift/iphoneos/_Concurrency.swiftmodule/arm64-apple-ios.swiftdoc	436364	436364	0		
different	usr/lib/swift/iphoneos/_Concurrency.swiftmodule/arm64-apple-ios.swiftinterface	294737	294737	0		
different	usr/lib/swift/iphoneos/_Concurrency.swiftmodule/arm64-apple-ios.swiftmodule	937732	937732	0		
different	usr/lib/swift/iphoneos/_Concurrency.swiftmodule/arm64-apple-ios.swiftsourceinfo	427760	427760	0		
different	usr/lib/swift/iphoneos/_Concurrency.swiftmodule/arm64e-apple-ios.private.swiftinterface	303432	303432	0		
different	usr/lib/swift/iphoneos/_Concurrency.swiftmodule/arm64e-apple-ios.swiftdoc	436364	436364	0		
different	usr/lib/swift/iphoneos/_Concurrency.swiftmodule/arm64e-apple-ios.swiftinterface	294738	294738	0		
different	usr/lib/swift/iphoneos/_Concurrency.swiftmodule/arm64e-apple-ios.swiftmodule	937732	937732	0		
different	usr/lib/swift/iphoneos/_Concurrency.swiftmodule/arm64e-apple-ios.swiftsourceinfo	427760	427760	0		
different	usr/lib/swift/iphoneos/_Differentiation.swiftmodule/arm64-apple-ios.private.swiftinterface	136643	136643	0		
different	usr/lib/swift/iphoneos/_Differentiation.swiftmodule/arm64-apple-ios.swiftdoc	7800	7800	0		
different	usr/lib/swift/iphoneos/_Differentiation.swiftmodule/arm64-apple-ios.swiftinterface	136643	136643	0		
different	usr/lib/swift/iphoneos/_Differentiation.swiftmodule/arm64-apple-ios.swiftmodule	1208056	1208056	0		
different	usr/lib/swift/iphoneos/_Differentiation.swiftmodule/arm64-apple-ios.swiftsourceinfo	116064	116064	0		
different	usr/lib/swift/iphoneos/_Differentiation.swiftmodule/arm64e-apple-ios.private.swiftinterface	136644	136644	0		
different	usr/lib/swift/iphoneos/_Differentiation.swiftmodule/arm64e-apple-ios.swiftdoc	7800	7800	0		
different	usr/lib/swift/iphoneos/_Differentiation.swiftmodule/arm64e-apple-ios.swiftinterface	136644	136644	0		
different	usr/lib/swift/iphoneos/_Differentiation.swiftmodule/arm64e-apple-ios.swiftmodule	1208056	1208056	0		
different	usr/lib/swift/iphoneos/_Differentiation.swiftmodule/arm64e-apple-ios.swiftsourceinfo	116064	116064	0		
different	usr/lib/swift/iphoneos/_RegexParser.swiftmodule/arm64-apple-ios.private.swiftinterface	90813	90813	0		
different	usr/lib/swift/iphoneos/_RegexParser.swiftmodule/arm64-apple-ios.swiftdoc	104796	104796	0		
different	usr/lib/swift/iphoneos/_RegexParser.swiftmodule/arm64-apple-ios.swiftinterface	89832	89832	0		
different	usr/lib/swift/iphoneos/_RegexParser.swiftmodule/arm64-apple-ios.swiftmodule	413856	413856	0		
different	usr/lib/swift/iphoneos/_RegexParser.swiftmodule/arm64-apple-ios.swiftsourceinfo	311700	311700	0		
different	usr/lib/swift/iphoneos/_RegexParser.swiftmodule/arm64e-apple-ios.private.swiftinterface	90814	90814	0		
different	usr/lib/swift/iphoneos/_RegexParser.swiftmodule/arm64e-apple-ios.swiftdoc	104796	104796	0		
different	usr/lib/swift/iphoneos/_RegexParser.swiftmodule/arm64e-apple-ios.swiftinterface	89833	89833	0		
different	usr/lib/swift/iphoneos/_RegexParser.swiftmodule/arm64e-apple-ios.swiftmodule	413856	413856	0		
different	usr/lib/swift/iphoneos/_RegexParser.swiftmodule/arm64e-apple-ios.swiftsourceinfo	311700	311700	0		
different	usr/lib/swift/iphoneos/_StringProcessing.swiftmodule/arm64-apple-ios.private.swiftinterface	36753	36753	0		
different	usr/lib/swift/iphoneos/_StringProcessing.swiftmodule/arm64-apple-ios.swiftdoc	56364	56364	0		
different	usr/lib/swift/iphoneos/_StringProcessing.swiftmodule/arm64-apple-ios.swiftinterface	23773	23773	0		
different	usr/lib/swift/iphoneos/_StringProcessing.swiftmodule/arm64-apple-ios.swiftmodule	486432	486432	0		
different	usr/lib/swift/iphoneos/_StringProcessing.swiftmodule/arm64-apple-ios.swiftsourceinfo	119476	119476	0		
different	usr/lib/swift/iphoneos/_StringProcessing.swiftmodule/arm64e-apple-ios.private.swiftinterface	36754	36754	0		
different	usr/lib/swift/iphoneos/_StringProcessing.swiftmodule/arm64e-apple-ios.swiftdoc	56364	56364	0		
different	usr/lib/swift/iphoneos/_StringProcessing.swiftmodule/arm64e-apple-ios.swiftinterface	23774	23774	0		
different	usr/lib/swift/iphoneos/_StringProcessing.swiftmodule/arm64e-apple-ios.swiftmodule	486432	486432	0		
different	usr/lib/swift/iphoneos/_StringProcessing.swiftmodule/arm64e-apple-ios.swiftsourceinfo	119476	119476	0		
different	usr/lib/swift/iphoneos/_Volatile.swiftmodule/arm64-apple-ios.private.swiftinterface	2737	2737	0		
different	usr/lib/swift/iphoneos/_Volatile.swiftmodule/arm64-apple-ios.swiftdoc	3748	3748	0		
different	usr/lib/swift/iphoneos/_Volatile.swiftmodule/arm64-apple-ios.swiftinterface	2737	2737	0		
different	usr/lib/swift/iphoneos/_Volatile.swiftmodule/arm64-apple-ios.swiftmodule	24964	24964	0		
different	usr/lib/swift/iphoneos/_Volatile.swiftmodule/arm64-apple-ios.swiftsourceinfo	4384	4384	0		
different	usr/lib/swift/iphoneos/_Volatile.swiftmodule/arm64e-apple-ios.private.swiftinterface	2738	2738	0		
different	usr/lib/swift/iphoneos/_Volatile.swiftmodule/arm64e-apple-ios.swiftdoc	3748	3748	0		
different	usr/lib/swift/iphoneos/_Volatile.swiftmodule/arm64e-apple-ios.swiftinterface	2738	2738	0		
different	usr/lib/swift/iphoneos/_Volatile.swiftmodule/arm64e-apple-ios.swiftmodule	24964	24964	0		
different	usr/lib/swift/iphoneos/_Volatile.swiftmodule/arm64e-apple-ios.swiftsourceinfo	4384	4384	0		
different	usr/lib/swift/iphoneos/libswiftCxx.a	387480	387480	0		
different	usr/lib/swift/iphoneos/libswiftCxxStdlib.a	486128	486128	0		
different	usr/lib/swift/iphonesimulator/Cxx.swiftmodule/arm64-apple-ios-simulator.private.swiftinterface	33877	33877	0		
different	usr/lib/swift/iphonesimulator/Cxx.swiftmodule/arm64-apple-ios-simulator.swiftdoc	13880	13880	0		
different	usr/lib/swift/iphonesimulator/Cxx.swiftmodule/arm64-apple-ios-simulator.swiftinterface	33877	33877	0		
different	usr/lib/swift/iphonesimulator/Cxx.swiftmodule/arm64-apple-ios-simulator.swiftsourceinfo	48436	48436	0		
different	usr/lib/swift/iphonesimulator/Cxx.swiftmodule/x86_64-apple-ios-simulator.private.swiftinterface	33878	33878	0		
different	usr/lib/swift/iphonesimulator/Cxx.swiftmodule/x86_64-apple-ios-simulator.swiftdoc	13884	13884	0		
different	usr/lib/swift/iphonesimulator/Cxx.swiftmodule/x86_64-apple-ios-simulator.swiftinterface	33878	33878	0		
different	usr/lib/swift/iphonesimulator/Cxx.swiftmodule/x86_64-apple-ios-simulator.swiftsourceinfo	48440	48440	0		
different	usr/lib/swift/iphonesimulator/CxxStdlib.swiftmodule/arm64-apple-ios-simulator.private.swiftinterface	19628	19628	0		
different	usr/lib/swift/iphonesimulator/CxxStdlib.swiftmodule/arm64-apple-ios-simulator.swiftdoc	7108	7108	0		
different	usr/lib/swift/iphonesimulator/CxxStdlib.swiftmodule/arm64-apple-ios-simulator.swiftinterface	19628	19628	0		
different	usr/lib/swift/iphonesimulator/CxxStdlib.swiftmodule/arm64-apple-ios-simulator.swiftsourceinfo	32620	32620	0		
different	usr/lib/swift/iphonesimulator/CxxStdlib.swiftmodule/x86_64-apple-ios-simulator.private.swiftinterface	19629	19629	0		
different	usr/lib/swift/iphonesimulator/CxxStdlib.swiftmodule/x86_64-apple-ios-simulator.swiftdoc	7112	7112	0		
different	usr/lib/swift/iphonesimulator/CxxStdlib.swiftmodule/x86_64-apple-ios-simulator.swiftinterface	19629	19629	0		
different	usr/lib/swift/iphonesimulator/CxxStdlib.swiftmodule/x86_64-apple-ios-simulator.swiftsourceinfo	32624	32624	0		
different	usr/lib/swift/iphonesimulator/Distributed.swiftmodule/arm64-apple-ios-simulator.private.swiftinterface	23313	23313	0		
different	usr/lib/swift/iphonesimulator/Distributed.swiftmodule/arm64-apple-ios-simulator.swiftdoc	78096	78096	0		
different	usr/lib/swift/iphonesimulator/Distributed.swiftmodule/arm64-apple-ios-simulator.swiftinterface	23313	23313	0		
different	usr/lib/swift/iphonesimulator/Distributed.swiftmodule/arm64-apple-ios-simulator.swiftmodule	89868	89868	0		
different	usr/lib/swift/iphonesimulator/Distributed.swiftmodule/arm64-apple-ios-simulator.swiftsourceinfo	61568	61568	0		
different	usr/lib/swift/iphonesimulator/Distributed.swiftmodule/x86_64-apple-ios-simulator.private.swiftinterface	23314	23314	0		
different	usr/lib/swift/iphonesimulator/Distributed.swiftmodule/x86_64-apple-ios-simulator.swiftdoc	78096	78096	0		
different	usr/lib/swift/iphonesimulator/Distributed.swiftmodule/x86_64-apple-ios-simulator.swiftinterface	23314	23314	0		
different	usr/lib/swift/iphonesimulator/Distributed.swiftmodule/x86_64-apple-ios-simulator.swiftmodule	89868	89868	0		
different	usr/lib/swift/iphonesimulator/Distributed.swiftmodule/x86_64-apple-ios-simulator.swiftsourceinfo	61568	61568	0		
different	usr/lib/swift/iphonesimulator/Observation.swiftmodule/arm64-apple-ios-simulator.private.swiftinterface	12005	12005	0		
different	usr/lib/swift/iphonesimulator/Observation.swiftmodule/arm64-apple-ios-simulator.swiftdoc	8516	8516	0		
different	usr/lib/swift/iphonesimulator/Observation.swiftmodule/arm64-apple-ios-simulator.swiftinterface	10484	10484	0		
different	usr/lib/swift/iphonesimulator/Observation.swiftmodule/arm64-apple-ios-simulator.swiftmodule	99944	99944	0		
different	usr/lib/swift/iphonesimulator/Observation.swiftmodule/arm64-apple-ios-simulator.swiftsourceinfo	18232	18232	0		
different	usr/lib/swift/iphonesimulator/Observation.swiftmodule/x86_64-apple-ios-simulator.private.swiftinterface	12006	12006	0		
different	usr/lib/swift/iphonesimulator/Observation.swiftmodule/x86_64-apple-ios-simulator.swiftdoc	8516	8516	0		
different	usr/lib/swift/iphonesimulator/Observation.swiftmodule/x86_64-apple-ios-simulator.swiftinterface	10485	10485	0		
different	usr/lib/swift/iphonesimulator/Observation.swiftmodule/x86_64-apple-ios-simulator.swiftmodule	99944	99944	0		
different	usr/lib/swift/iphonesimulator/Observation.swiftmodule/x86_64-apple-ios-simulator.swiftsourceinfo	18232	18232	0		
different	usr/lib/swift/iphonesimulator/RegexBuilder.swiftmodule/arm64-apple-ios-simulator.private.swiftinterface	206086	206086	0		
different	usr/lib/swift/iphonesimulator/RegexBuilder.swiftmodule/arm64-apple-ios-simulator.swiftdoc	265768	265768	0		
different	usr/lib/swift/iphonesimulator/RegexBuilder.swiftmodule/arm64-apple-ios-simulator.swiftinterface	206066	206066	0		
different	usr/lib/swift/iphonesimulator/RegexBuilder.swiftmodule/arm64-apple-ios-simulator.swiftmodule	1232632	1232632	0		
different	usr/lib/swift/iphonesimulator/RegexBuilder.swiftmodule/arm64-apple-ios-simulator.swiftsourceinfo	359892	359892	0		
different	usr/lib/swift/iphonesimulator/RegexBuilder.swiftmodule/x86_64-apple-ios-simulator.private.swiftinterface	206087	206087	0		
different	usr/lib/swift/iphonesimulator/RegexBuilder.swiftmodule/x86_64-apple-ios-simulator.swiftdoc	265768	265768	0		
different	usr/lib/swift/iphonesimulator/RegexBuilder.swiftmodule/x86_64-apple-ios-simulator.swiftinterface	206067	206067	0		
different	usr/lib/swift/iphonesimulator/RegexBuilder.swiftmodule/x86_64-apple-ios-simulator.swiftmodule	1232632	1232632	0		
different	usr/lib/swift/iphonesimulator/RegexBuilder.swiftmodule/x86_64-apple-ios-simulator.swiftsourceinfo	359892	359892	0		
different	usr/lib/swift/iphonesimulator/Swift.swiftmodule/Swift.opt.bitstream	1924356	1924356	0		
different	usr/lib/swift/iphonesimulator/Swift.swiftmodule/arm64-apple-ios-simulator.private.swiftinterface	2403163	2403163	0		
different	usr/lib/swift/iphonesimulator/Swift.swiftmodule/arm64-apple-ios-simulator.swiftdoc	4372272	4372272	0		
different	usr/lib/swift/iphonesimulator/Swift.swiftmodule/arm64-apple-ios-simulator.swiftinterface	2347749	2347749	0		
different	usr/lib/swift/iphonesimulator/Swift.swiftmodule/arm64-apple-ios-simulator.swiftmodule	17067216	17067216	0		
different	usr/lib/swift/iphonesimulator/Swift.swiftmodule/arm64-apple-ios-simulator.swiftsourceinfo	4046732	4046732	0		
different	usr/lib/swift/iphonesimulator/Swift.swiftmodule/x86_64-apple-ios-simulator.private.swiftinterface	2436532	2436532	0		
different	usr/lib/swift/iphonesimulator/Swift.swiftmodule/x86_64-apple-ios-simulator.swiftdoc	4424676	4424676	0		
different	usr/lib/swift/iphonesimulator/Swift.swiftmodule/x86_64-apple-ios-simulator.swiftinterface	2381118	2381118	0		
different	usr/lib/swift/iphonesimulator/Swift.swiftmodule/x86_64-apple-ios-simulator.swiftmodule	17361260	17361260	0		
different	usr/lib/swift/iphonesimulator/Swift.swiftmodule/x86_64-apple-ios-simulator.swiftsourceinfo	4097336	4097336	0		
different	usr/lib/swift/iphonesimulator/SwiftOnoneSupport.swiftmodule/arm64-apple-ios-simulator.private.swiftinterface	1084	1084	0		
different	usr/lib/swift/iphonesimulator/SwiftOnoneSupport.swiftmodule/arm64-apple-ios-simulator.swiftdoc	436	436	0		
different	usr/lib/swift/iphonesimulator/SwiftOnoneSupport.swiftmodule/arm64-apple-ios-simulator.swiftinterface	1084	1084	0		
different	usr/lib/swift/iphonesimulator/SwiftOnoneSupport.swiftmodule/arm64-apple-ios-simulator.swiftmodule	247988	247988	0		
different	usr/lib/swift/iphonesimulator/SwiftOnoneSupport.swiftmodule/arm64-apple-ios-simulator.swiftsourceinfo	3248	3248	0		
different	usr/lib/swift/iphonesimulator/SwiftOnoneSupport.swiftmodule/x86_64-apple-ios-simulator.private.swiftinterface	1085	1085	0		
different	usr/lib/swift/iphonesimulator/SwiftOnoneSupport.swiftmodule/x86_64-apple-ios-simulator.swiftdoc	436	436	0		
different	usr/lib/swift/iphonesimulator/SwiftOnoneSupport.swiftmodule/x86_64-apple-ios-simulator.swiftinterface	1085	1085	0		
different	usr/lib/swift/iphonesimulator/SwiftOnoneSupport.swiftmodule/x86_64-apple-ios-simulator.swiftmodule	247988	247988	0		
different	usr/lib/swift/iphonesimulator/SwiftOnoneSupport.swiftmodule/x86_64-apple-ios-simulator.swiftsourceinfo	3248	3248	0		
different	usr/lib/swift/iphonesimulator/Synchronization.swiftmodule/arm64-apple-ios-simulator.private.swiftinterface	242766	242766	0		
different	usr/lib/swift/iphonesimulator/Synchronization.swiftmodule/arm64-apple-ios-simulator.swiftdoc	256236	256236	0		
different	usr/lib/swift/iphonesimulator/Synchronization.swiftmodule/arm64-apple-ios-simulator.swiftinterface	242766	242766	0		
different	usr/lib/swift/iphonesimulator/Synchronization.swiftmodule/arm64-apple-ios-simulator.swiftmodule	578592	578592	0		
different	usr/lib/swift/iphonesimulator/Synchronization.swiftmodule/arm64-apple-ios-simulator.swiftsourceinfo	203580	203580	0		
different	usr/lib/swift/iphonesimulator/Synchronization.swiftmodule/x86_64-apple-ios-simulator.private.swiftinterface	242767	242767	0		
different	usr/lib/swift/iphonesimulator/Synchronization.swiftmodule/x86_64-apple-ios-simulator.swiftdoc	256236	256236	0		
different	usr/lib/swift/iphonesimulator/Synchronization.swiftmodule/x86_64-apple-ios-simulator.swiftinterface	242767	242767	0		
different	usr/lib/swift/iphonesimulator/Synchronization.swiftmodule/x86_64-apple-ios-simulator.swiftmodule	578592	578592	0		
different	usr/lib/swift/iphonesimulator/Synchronization.swiftmodule/x86_64-apple-ios-simulator.swiftsourceinfo	203580	203580	0		
different	usr/lib/swift/iphonesimulator/_Builtin_float.swiftmodule/arm64-apple-ios-simulator.private.swiftinterface	4236	4236	0		
different	usr/lib/swift/iphonesimulator/_Builtin_float.swiftmodule/arm64-apple-ios-simulator.swiftdoc	432	432	0		
different	usr/lib/swift/iphonesimulator/_Builtin_float.swiftmodule/arm64-apple-ios-simulator.swiftinterface	4236	4236	0		
different	usr/lib/swift/iphonesimulator/_Builtin_float.swiftmodule/arm64-apple-ios-simulator.swiftmodule	23716	23716	0		
different	usr/lib/swift/iphonesimulator/_Builtin_float.swiftmodule/arm64-apple-ios-simulator.swiftsourceinfo	2836	2836	0		
different	usr/lib/swift/iphonesimulator/_Builtin_float.swiftmodule/x86_64-apple-ios-simulator.private.swiftinterface	5757	5757	0		
different	usr/lib/swift/iphonesimulator/_Builtin_float.swiftmodule/x86_64-apple-ios-simulator.swiftdoc	432	432	0		
different	usr/lib/swift/iphonesimulator/_Builtin_float.swiftmodule/x86_64-apple-ios-simulator.swiftinterface	5757	5757	0		
different	usr/lib/swift/iphonesimulator/_Builtin_float.swiftmodule/x86_64-apple-ios-simulator.swiftmodule	26028	26028	0		
different	usr/lib/swift/iphonesimulator/_Builtin_float.swiftmodule/x86_64-apple-ios-simulator.swiftsourceinfo	3784	3784	0		
different	usr/lib/swift/iphonesimulator/_Concurrency.swiftmodule/arm64-apple-ios-simulator.private.swiftinterface	303441	303441	0		
different	usr/lib/swift/iphonesimulator/_Concurrency.swiftmodule/arm64-apple-ios-simulator.swiftdoc	436376	436376	0		
different	usr/lib/swift/iphonesimulator/_Concurrency.swiftmodule/arm64-apple-ios-simulator.swiftinterface	294747	294747	0		
different	usr/lib/swift/iphonesimulator/_Concurrency.swiftmodule/arm64-apple-ios-simulator.swiftmodule	937752	937752	0		
different	usr/lib/swift/iphonesimulator/_Concurrency.swiftmodule/arm64-apple-ios-simulator.swiftsourceinfo	427772	427772	0		
different	usr/lib/swift/iphonesimulator/_Concurrency.swiftmodule/x86_64-apple-ios-simulator.private.swiftinterface	303442	303442	0		
different	usr/lib/swift/iphonesimulator/_Concurrency.swiftmodule/x86_64-apple-ios-simulator.swiftdoc	436376	436376	0		
different	usr/lib/swift/iphonesimulator/_Concurrency.swiftmodule/x86_64-apple-ios-simulator.swiftinterface	294748	294748	0		
different	usr/lib/swift/iphonesimulator/_Concurrency.swiftmodule/x86_64-apple-ios-simulator.swiftmodule	937752	937752	0		
different	usr/lib/swift/iphonesimulator/_Concurrency.swiftmodule/x86_64-apple-ios-simulator.swiftsourceinfo	427772	427772	0		
different	usr/lib/swift/iphonesimulator/_Differentiation.swiftmodule/arm64-apple-ios-simulator.private.swiftinterface	136653	136653	0		
different	usr/lib/swift/iphonesimulator/_Differentiation.swiftmodule/arm64-apple-ios-simulator.swiftdoc	7812	7812	0		
different	usr/lib/swift/iphonesimulator/_Differentiation.swiftmodule/arm64-apple-ios-simulator.swiftinterface	136653	136653	0		
different	usr/lib/swift/iphonesimulator/_Differentiation.swiftmodule/arm64-apple-ios-simulator.swiftmodule	1208076	1208076	0		
different	usr/lib/swift/iphonesimulator/_Differentiation.swiftmodule/arm64-apple-ios-simulator.swiftsourceinfo	116076	116076	0		
different	usr/lib/swift/iphonesimulator/_Differentiation.swiftmodule/x86_64-apple-ios-simulator.private.swiftinterface	155825	155825	0		
different	usr/lib/swift/iphonesimulator/_Differentiation.swiftmodule/x86_64-apple-ios-simulator.swiftdoc	8404	8404	0		
different	usr/lib/swift/iphonesimulator/_Differentiation.swiftmodule/x86_64-apple-ios-simulator.swiftinterface	155825	155825	0		
different	usr/lib/swift/iphonesimulator/_Differentiation.swiftmodule/x86_64-apple-ios-simulator.swiftmodule	1309116	1309116	0		
different	usr/lib/swift/iphonesimulator/_Differentiation.swiftmodule/x86_64-apple-ios-simulator.swiftsourceinfo	130788	130788	0		
different	usr/lib/swift/iphonesimulator/_RegexParser.swiftmodule/arm64-apple-ios-simulator.private.swiftinterface	90823	90823	0		
different	usr/lib/swift/iphonesimulator/_RegexParser.swiftmodule/arm64-apple-ios-simulator.swiftdoc	104808	104808	0		
different	usr/lib/swift/iphonesimulator/_RegexParser.swiftmodule/arm64-apple-ios-simulator.swiftinterface	89842	89842	0		
different	usr/lib/swift/iphonesimulator/_RegexParser.swiftmodule/arm64-apple-ios-simulator.swiftmodule	413876	413876	0		
different	usr/lib/swift/iphonesimulator/_RegexParser.swiftmodule/arm64-apple-ios-simulator.swiftsourceinfo	311712	311712	0		
different	usr/lib/swift/iphonesimulator/_RegexParser.swiftmodule/x86_64-apple-ios-simulator.private.swiftinterface	90824	90824	0		
different	usr/lib/swift/iphonesimulator/_RegexParser.swiftmodule/x86_64-apple-ios-simulator.swiftdoc	104808	104808	0		
different	usr/lib/swift/iphonesimulator/_RegexParser.swiftmodule/x86_64-apple-ios-simulator.swiftinterface	89843	89843	0		
different	usr/lib/swift/iphonesimulator/_RegexParser.swiftmodule/x86_64-apple-ios-simulator.swiftmodule	413876	413876	0		
different	usr/lib/swift/iphonesimulator/_RegexParser.swiftmodule/x86_64-apple-ios-simulator.swiftsourceinfo	311712	311712	0		
different	usr/lib/swift/iphonesimulator/_StringProcessing.swiftmodule/arm64-apple-ios-simulator.private.swiftinterface	36763	36763	0		
different	usr/lib/swift/iphonesimulator/_StringProcessing.swiftmodule/arm64-apple-ios-simulator.swiftdoc	56376	56376	0		
different	usr/lib/swift/iphonesimulator/_StringProcessing.swiftmodule/arm64-apple-ios-simulator.swiftinterface	23783	23783	0		
different	usr/lib/swift/iphonesimulator/_StringProcessing.swiftmodule/arm64-apple-ios-simulator.swiftmodule	486452	486452	0		
different	usr/lib/swift/iphonesimulator/_StringProcessing.swiftmodule/arm64-apple-ios-simulator.swiftsourceinfo	119488	119488	0		
different	usr/lib/swift/iphonesimulator/_StringProcessing.swiftmodule/x86_64-apple-ios-simulator.private.swiftinterface	36764	36764	0		
different	usr/lib/swift/iphonesimulator/_StringProcessing.swiftmodule/x86_64-apple-ios-simulator.swiftdoc	56376	56376	0		
different	usr/lib/swift/iphonesimulator/_StringProcessing.swiftmodule/x86_64-apple-ios-simulator.swiftinterface	23784	23784	0		
different	usr/lib/swift/iphonesimulator/_StringProcessing.swiftmodule/x86_64-apple-ios-simulator.swiftmodule	486452	486452	0		
different	usr/lib/swift/iphonesimulator/_StringProcessing.swiftmodule/x86_64-apple-ios-simulator.swiftsourceinfo	119488	119488	0		
different	usr/lib/swift/iphonesimulator/_Volatile.swiftmodule/arm64-apple-ios-simulator.private.swiftinterface	2747	2747	0		
different	usr/lib/swift/iphonesimulator/_Volatile.swiftmodule/arm64-apple-ios-simulator.swiftdoc	3760	3760	0		
different	usr/lib/swift/iphonesimulator/_Volatile.swiftmodule/arm64-apple-ios-simulator.swiftinterface	2747	2747	0		
different	usr/lib/swift/iphonesimulator/_Volatile.swiftmodule/arm64-apple-ios-simulator.swiftmodule	24984	24984	0		
different	usr/lib/swift/iphonesimulator/_Volatile.swiftmodule/arm64-apple-ios-simulator.swiftsourceinfo	4396	4396	0		
different	usr/lib/swift/iphonesimulator/_Volatile.swiftmodule/x86_64-apple-ios-simulator.private.swiftinterface	2748	2748	0		
different	usr/lib/swift/iphonesimulator/_Volatile.swiftmodule/x86_64-apple-ios-simulator.swiftdoc	3760	3760	0		
different	usr/lib/swift/iphonesimulator/_Volatile.swiftmodule/x86_64-apple-ios-simulator.swiftinterface	2748	2748	0		
different	usr/lib/swift/iphonesimulator/_Volatile.swiftmodule/x86_64-apple-ios-simulator.swiftmodule	24984	24984	0		
different	usr/lib/swift/iphonesimulator/_Volatile.swiftmodule/x86_64-apple-ios-simulator.swiftsourceinfo	4396	4396	0		
different	usr/lib/swift/iphonesimulator/libswiftCxx.a	356656	356656	0		
different	usr/lib/swift/iphonesimulator/libswiftCxxStdlib.a	471504	471504	0		
different	usr/lib/swift/macosx/ArgumentParser.swiftmodule/arm64-apple-macosx10.15.swiftdoc	119348	119348	0		
different	usr/lib/swift/macosx/ArgumentParser.swiftmodule/arm64-apple-macosx10.15.swiftmodule	502268	502268	0		
different	usr/lib/swift/macosx/ArgumentParser.swiftmodule/x86_64-apple-macosx10.15.swiftdoc	119348	119348	0		
different	usr/lib/swift/macosx/ArgumentParser.swiftmodule/x86_64-apple-macosx10.15.swiftmodule	502268	502268	0		
different	usr/lib/swift/macosx/Cxx.swiftmodule/arm64-apple-macos.private.swiftinterface	33871	33871	0		
different	usr/lib/swift/macosx/Cxx.swiftmodule/arm64-apple-macos.swiftdoc	13876	13876	0		
different	usr/lib/swift/macosx/Cxx.swiftmodule/arm64-apple-macos.swiftinterface	33871	33871	0		
different	usr/lib/swift/macosx/Cxx.swiftmodule/arm64-apple-macos.swiftsourceinfo	48432	48432	0		
different	usr/lib/swift/macosx/Cxx.swiftmodule/x86_64-apple-macos.private.swiftinterface	33872	33872	0		
different	usr/lib/swift/macosx/Cxx.swiftmodule/x86_64-apple-macos.swiftdoc	13876	13876	0		
different	usr/lib/swift/macosx/Cxx.swiftmodule/x86_64-apple-macos.swiftinterface	33872	33872	0		
different	usr/lib/swift/macosx/Cxx.swiftmodule/x86_64-apple-macos.swiftsourceinfo	48432	48432	0		
different	usr/lib/swift/macosx/CxxStdlib.swiftmodule/arm64-apple-macos.private.swiftinterface	19622	19622	0		
different	usr/lib/swift/macosx/CxxStdlib.swiftmodule/arm64-apple-macos.swiftdoc	7104	7104	0		
different	usr/lib/swift/macosx/CxxStdlib.swiftmodule/arm64-apple-macos.swiftinterface	19622	19622	0		
different	usr/lib/swift/macosx/CxxStdlib.swiftmodule/arm64-apple-macos.swiftsourceinfo	32616	32616	0		
different	usr/lib/swift/macosx/CxxStdlib.swiftmodule/x86_64-apple-macos.private.swiftinterface	19623	19623	0		
different	usr/lib/swift/macosx/CxxStdlib.swiftmodule/x86_64-apple-macos.swiftdoc	7104	7104	0		
different	usr/lib/swift/macosx/CxxStdlib.swiftmodule/x86_64-apple-macos.swiftinterface	19623	19623	0		
different	usr/lib/swift/macosx/CxxStdlib.swiftmodule/x86_64-apple-macos.swiftsourceinfo	32616	32616	0		
different	usr/lib/swift/macosx/Distributed.swiftmodule/arm64-apple-macos.private.swiftinterface	23306	23306	0		
different	usr/lib/swift/macosx/Distributed.swiftmodule/arm64-apple-macos.swiftdoc	78088	78088	0		
different	usr/lib/swift/macosx/Distributed.swiftmodule/arm64-apple-macos.swiftinterface	23306	23306	0		
different	usr/lib/swift/macosx/Distributed.swiftmodule/arm64-apple-macos.swiftmodule	89716	89716	0		
different	usr/lib/swift/macosx/Distributed.swiftmodule/arm64-apple-macos.swiftsourceinfo	61560	61560	0		
different	usr/lib/swift/macosx/Distributed.swiftmodule/x86_64-apple-macos.private.swiftinterface	23307	23307	0		
different	usr/lib/swift/macosx/Distributed.swiftmodule/x86_64-apple-macos.swiftdoc	78088	78088	0		
different	usr/lib/swift/macosx/Distributed.swiftmodule/x86_64-apple-macos.swiftinterface	23307	23307	0		
different	usr/lib/swift/macosx/Distributed.swiftmodule/x86_64-apple-macos.swiftmodule	89716	89716	0		
different	usr/lib/swift/macosx/Distributed.swiftmodule/x86_64-apple-macos.swiftsourceinfo	61560	61560	0		
different	usr/lib/swift/macosx/Observation.swiftmodule/arm64-apple-macos.private.swiftinterface	11998	11998	0		
different	usr/lib/swift/macosx/Observation.swiftmodule/arm64-apple-macos.swiftdoc	8508	8508	0		
different	usr/lib/swift/macosx/Observation.swiftmodule/arm64-apple-macos.swiftinterface	10477	10477	0		
different	usr/lib/swift/macosx/Observation.swiftmodule/arm64-apple-macos.swiftmodule	99928	99928	0		
different	usr/lib/swift/macosx/Observation.swiftmodule/arm64-apple-macos.swiftsourceinfo	18224	18224	0		
different	usr/lib/swift/macosx/Observation.swiftmodule/x86_64-apple-macos.private.swiftinterface	11999	11999	0		
different	usr/lib/swift/macosx/Observation.swiftmodule/x86_64-apple-macos.swiftdoc	8508	8508	0		
different	usr/lib/swift/macosx/Observation.swiftmodule/x86_64-apple-macos.swiftinterface	10478	10478	0		
different	usr/lib/swift/macosx/Observation.swiftmodule/x86_64-apple-macos.swiftmodule	99928	99928	0		
different	usr/lib/swift/macosx/Observation.swiftmodule/x86_64-apple-macos.swiftsourceinfo	18224	18224	0		
different	usr/lib/swift/macosx/RegexBuilder.swiftmodule/arm64-apple-macos.private.swiftinterface	206079	206079	0		
different	usr/lib/swift/macosx/RegexBuilder.swiftmodule/arm64-apple-macos.swiftdoc	265760	265760	0		
different	usr/lib/swift/macosx/RegexBuilder.swiftmodule/arm64-apple-macos.swiftinterface	206059	206059	0		
different	usr/lib/swift/macosx/RegexBuilder.swiftmodule/arm64-apple-macos.swiftmodule	1231688	1231688	0		
different	usr/lib/swift/macosx/RegexBuilder.swiftmodule/arm64-apple-macos.swiftsourceinfo	359884	359884	0		
different	usr/lib/swift/macosx/RegexBuilder.swiftmodule/x86_64-apple-macos.private.swiftinterface	206080	206080	0		
different	usr/lib/swift/macosx/RegexBuilder.swiftmodule/x86_64-apple-macos.swiftdoc	265760	265760	0		
different	usr/lib/swift/macosx/RegexBuilder.swiftmodule/x86_64-apple-macos.swiftinterface	206060	206060	0		
different	usr/lib/swift/macosx/RegexBuilder.swiftmodule/x86_64-apple-macos.swiftmodule	1231688	1231688	0		
different	usr/lib/swift/macosx/RegexBuilder.swiftmodule/x86_64-apple-macos.swiftsourceinfo	359884	359884	0		
different	usr/lib/swift/macosx/Runtime.swiftmodule/arm64-apple-macos.private.swiftinterface	84237	84237	0		
different	usr/lib/swift/macosx/Runtime.swiftmodule/arm64-apple-macos.swiftdoc	28588	28588	0		
different	usr/lib/swift/macosx/Runtime.swiftmodule/arm64-apple-macos.swiftinterface	12880	12880	0		
different	usr/lib/swift/macosx/Runtime.swiftmodule/arm64-apple-macos.swiftmodule	755868	755868	0		
different	usr/lib/swift/macosx/Runtime.swiftmodule/arm64-apple-macos.swiftsourceinfo	238404	238404	0		
different	usr/lib/swift/macosx/Runtime.swiftmodule/x86_64-apple-macos.private.swiftinterface	84246	84246	0		
different	usr/lib/swift/macosx/Runtime.swiftmodule/x86_64-apple-macos.swiftdoc	28588	28588	0		
different	usr/lib/swift/macosx/Runtime.swiftmodule/x86_64-apple-macos.swiftinterface	12881	12881	0		
different	usr/lib/swift/macosx/Runtime.swiftmodule/x86_64-apple-macos.swiftmodule	755872	755872	0		
different	usr/lib/swift/macosx/Runtime.swiftmodule/x86_64-apple-macos.swiftsourceinfo	238412	238412	0		
different	usr/lib/swift/macosx/Swift.swiftmodule/arm64-apple-macos.private.swiftinterface	2403710	2403710	0		
different	usr/lib/swift/macosx/Swift.swiftmodule/arm64-apple-macos.swiftdoc	4372440	4372440	0		
different	usr/lib/swift/macosx/Swift.swiftmodule/arm64-apple-macos.swiftinterface	2348296	2348296	0		
different	usr/lib/swift/macosx/Swift.swiftmodule/arm64-apple-macos.swiftmodule	17133060	17133060	0		
different	usr/lib/swift/macosx/Swift.swiftmodule/x86_64-apple-macos.private.swiftinterface	2363177	2363177	0		
different	usr/lib/swift/macosx/Swift.swiftmodule/x86_64-apple-macos.swiftdoc	4295164	4295164	0		
different	usr/lib/swift/macosx/Swift.swiftmodule/x86_64-apple-macos.swiftinterface	2307763	2307763	0		
different	usr/lib/swift/macosx/Swift.swiftmodule/x86_64-apple-macos.swiftmodule	17093560	17093560	0		
different	usr/lib/swift/macosx/SwiftDriver.swiftmodule/arm64-apple-macosx10.15.swiftdoc	135168	135168	0		
different	usr/lib/swift/macosx/SwiftDriver.swiftmodule/arm64-apple-macosx10.15.swiftmodule	1944044	1944044	0		
different	usr/lib/swift/macosx/SwiftDriver.swiftmodule/x86_64-apple-macosx10.15.swiftdoc	135168	135168	0		
different	usr/lib/swift/macosx/SwiftDriver.swiftmodule/x86_64-apple-macosx10.15.swiftmodule	1944044	1944044	0		
different	usr/lib/swift/macosx/SwiftOnoneSupport.swiftmodule/arm64-apple-macos.private.swiftinterface	1077	1077	0		
different	usr/lib/swift/macosx/SwiftOnoneSupport.swiftmodule/arm64-apple-macos.swiftdoc	428	428	0		
different	usr/lib/swift/macosx/SwiftOnoneSupport.swiftmodule/arm64-apple-macos.swiftinterface	1077	1077	0		
different	usr/lib/swift/macosx/SwiftOnoneSupport.swiftmodule/arm64-apple-macos.swiftmodule	247972	247972	0		
different	usr/lib/swift/macosx/SwiftOnoneSupport.swiftmodule/arm64-apple-macos.swiftsourceinfo	3240	3240	0		
different	usr/lib/swift/macosx/SwiftOnoneSupport.swiftmodule/x86_64-apple-macos.private.swiftinterface	1078	1078	0		
different	usr/lib/swift/macosx/SwiftOnoneSupport.swiftmodule/x86_64-apple-macos.swiftdoc	428	428	0		
different	usr/lib/swift/macosx/SwiftOnoneSupport.swiftmodule/x86_64-apple-macos.swiftinterface	1078	1078	0		
different	usr/lib/swift/macosx/SwiftOnoneSupport.swiftmodule/x86_64-apple-macos.swiftmodule	247972	247972	0		
different	usr/lib/swift/macosx/SwiftOnoneSupport.swiftmodule/x86_64-apple-macos.swiftsourceinfo	3240	3240	0		
different	usr/lib/swift/macosx/SwiftOptions.swiftmodule/arm64-apple-macosx10.15.swiftdoc	15456	15456	0		
different	usr/lib/swift/macosx/SwiftOptions.swiftmodule/arm64-apple-macosx10.15.swiftmodule	695208	695208	0		
different	usr/lib/swift/macosx/SwiftOptions.swiftmodule/x86_64-apple-macosx10.15.swiftdoc	15456	15456	0		
different	usr/lib/swift/macosx/SwiftOptions.swiftmodule/x86_64-apple-macosx10.15.swiftmodule	695208	695208	0		
different	usr/lib/swift/macosx/Synchronization.swiftmodule/arm64-apple-macos.private.swiftinterface	242759	242759	0		
different	usr/lib/swift/macosx/Synchronization.swiftmodule/arm64-apple-macos.swiftdoc	256228	256228	0		
different	usr/lib/swift/macosx/Synchronization.swiftmodule/arm64-apple-macos.swiftinterface	242759	242759	0		
different	usr/lib/swift/macosx/Synchronization.swiftmodule/arm64-apple-macos.swiftmodule	578376	578376	0		
different	usr/lib/swift/macosx/Synchronization.swiftmodule/x86_64-apple-macos.private.swiftinterface	241788	241788	0		
different	usr/lib/swift/macosx/Synchronization.swiftmodule/x86_64-apple-macos.swiftdoc	254216	254216	0		
different	usr/lib/swift/macosx/Synchronization.swiftmodule/x86_64-apple-macos.swiftinterface	241788	241788	0		
different	usr/lib/swift/macosx/Synchronization.swiftmodule/x86_64-apple-macos.swiftmodule	575904	575904	0		
different	usr/lib/swift/macosx/TSCBasic.swiftmodule/arm64-apple-macosx10.15.swiftdoc	141736	141736	0		
different	usr/lib/swift/macosx/TSCBasic.swiftmodule/arm64-apple-macosx10.15.swiftmodule	870376	870376	0		
different	usr/lib/swift/macosx/TSCBasic.swiftmodule/x86_64-apple-macosx10.15.swiftdoc	141736	141736	0		
different	usr/lib/swift/macosx/TSCBasic.swiftmodule/x86_64-apple-macosx10.15.swiftmodule	870376	870376	0		
different	usr/lib/swift/macosx/TSCUtility.swiftmodule/arm64-apple-macosx10.15.swiftdoc	82972	82972	0		
different	usr/lib/swift/macosx/TSCUtility.swiftmodule/arm64-apple-macosx10.15.swiftmodule	689620	689620	0		
different	usr/lib/swift/macosx/TSCUtility.swiftmodule/x86_64-apple-macosx10.15.swiftdoc	82972	82972	0		
different	usr/lib/swift/macosx/TSCUtility.swiftmodule/x86_64-apple-macosx10.15.swiftmodule	690508	690508	0		
different	usr/lib/swift/macosx/_Builtin_float.swiftmodule/arm64-apple-macos.private.swiftinterface	4229	4229	0		
different	usr/lib/swift/macosx/_Builtin_float.swiftmodule/arm64-apple-macos.swiftdoc	424	424	0		
different	usr/lib/swift/macosx/_Builtin_float.swiftmodule/arm64-apple-macos.swiftinterface	4229	4229	0		
different	usr/lib/swift/macosx/_Builtin_float.swiftmodule/arm64-apple-macos.swiftmodule	23700	23700	0		
different	usr/lib/swift/macosx/_Builtin_float.swiftmodule/x86_64-apple-macos.private.swiftinterface	5750	5750	0		
different	usr/lib/swift/macosx/_Builtin_float.swiftmodule/x86_64-apple-macos.swiftdoc	424	424	0		
different	usr/lib/swift/macosx/_Builtin_float.swiftmodule/x86_64-apple-macos.swiftinterface	5750	5750	0		
different	usr/lib/swift/macosx/_Builtin_float.swiftmodule/x86_64-apple-macos.swiftmodule	26012	26012	0		
different	usr/lib/swift/macosx/_Concurrency.swiftmodule/arm64-apple-macos.private.swiftinterface	303572	303572	0		
different	usr/lib/swift/macosx/_Concurrency.swiftmodule/arm64-apple-macos.swiftdoc	436368	436368	0		
different	usr/lib/swift/macosx/_Concurrency.swiftmodule/arm64-apple-macos.swiftinterface	294832	294832	0		
different	usr/lib/swift/macosx/_Concurrency.swiftmodule/arm64-apple-macos.swiftmodule	938604	938604	0		
different	usr/lib/swift/macosx/_Concurrency.swiftmodule/x86_64-apple-macos.private.swiftinterface	303573	303573	0		
different	usr/lib/swift/macosx/_Concurrency.swiftmodule/x86_64-apple-macos.swiftdoc	436368	436368	0		
different	usr/lib/swift/macosx/_Concurrency.swiftmodule/x86_64-apple-macos.swiftinterface	294833	294833	0		
different	usr/lib/swift/macosx/_Concurrency.swiftmodule/x86_64-apple-macos.swiftmodule	938604	938604	0		
different	usr/lib/swift/macosx/_Differentiation.swiftmodule/arm64-apple-macos.private.swiftinterface	126987	126987	0		
different	usr/lib/swift/macosx/_Differentiation.swiftmodule/arm64-apple-macos.swiftdoc	7200	7200	0		
different	usr/lib/swift/macosx/_Differentiation.swiftmodule/arm64-apple-macos.swiftinterface	126987	126987	0		
different	usr/lib/swift/macosx/_Differentiation.swiftmodule/x86_64-apple-macos.private.swiftinterface	145027	145027	0		
different	usr/lib/swift/macosx/_Differentiation.swiftmodule/x86_64-apple-macos.swiftdoc	7784	7784	0		
different	usr/lib/swift/macosx/_Differentiation.swiftmodule/x86_64-apple-macos.swiftinterface	145027	145027	0		
different	usr/lib/swift/macosx/_RegexParser.swiftmodule/arm64-apple-macos.private.swiftinterface	90816	90816	0		
different	usr/lib/swift/macosx/_RegexParser.swiftmodule/arm64-apple-macos.swiftdoc	104800	104800	0		
different	usr/lib/swift/macosx/_RegexParser.swiftmodule/arm64-apple-macos.swiftinterface	89835	89835	0		
different	usr/lib/swift/macosx/_RegexParser.swiftmodule/arm64-apple-macos.swiftmodule	413860	413860	0		
different	usr/lib/swift/macosx/_RegexParser.swiftmodule/arm64-apple-macos.swiftsourceinfo	311704	311704	0		
different	usr/lib/swift/macosx/_RegexParser.swiftmodule/x86_64-apple-macos.private.swiftinterface	90817	90817	0		
different	usr/lib/swift/macosx/_RegexParser.swiftmodule/x86_64-apple-macos.swiftdoc	104800	104800	0		
different	usr/lib/swift/macosx/_RegexParser.swiftmodule/x86_64-apple-macos.swiftinterface	89836	89836	0		
different	usr/lib/swift/macosx/_RegexParser.swiftmodule/x86_64-apple-macos.swiftmodule	413860	413860	0		
different	usr/lib/swift/macosx/_RegexParser.swiftmodule/x86_64-apple-macos.swiftsourceinfo	311704	311704	0		
different	usr/lib/swift/macosx/_StringProcessing.swiftmodule/arm64-apple-macos.private.swiftinterface	36756	36756	0		
different	usr/lib/swift/macosx/_StringProcessing.swiftmodule/arm64-apple-macos.swiftdoc	56368	56368	0		
different	usr/lib/swift/macosx/_StringProcessing.swiftmodule/arm64-apple-macos.swiftinterface	23776	23776	0		
different	usr/lib/swift/macosx/_StringProcessing.swiftmodule/arm64-apple-macos.swiftmodule	486416	486416	0		
different	usr/lib/swift/macosx/_StringProcessing.swiftmodule/arm64-apple-macos.swiftsourceinfo	119480	119480	0		
different	usr/lib/swift/macosx/_StringProcessing.swiftmodule/x86_64-apple-macos.private.swiftinterface	36757	36757	0		
different	usr/lib/swift/macosx/_StringProcessing.swiftmodule/x86_64-apple-macos.swiftdoc	56368	56368	0		
different	usr/lib/swift/macosx/_StringProcessing.swiftmodule/x86_64-apple-macos.swiftinterface	23777	23777	0		
different	usr/lib/swift/macosx/_StringProcessing.swiftmodule/x86_64-apple-macos.swiftmodule	486416	486416	0		
different	usr/lib/swift/macosx/_StringProcessing.swiftmodule/x86_64-apple-macos.swiftsourceinfo	119480	119480	0		
different	usr/lib/swift/macosx/_Volatile.swiftmodule/arm64-apple-macos.private.swiftinterface	2740	2740	0		
different	usr/lib/swift/macosx/_Volatile.swiftmodule/arm64-apple-macos.swiftdoc	3752	3752	0		
different	usr/lib/swift/macosx/_Volatile.swiftmodule/arm64-apple-macos.swiftinterface	2740	2740	0		
different	usr/lib/swift/macosx/_Volatile.swiftmodule/arm64-apple-macos.swiftmodule	24968	24968	0		
different	usr/lib/swift/macosx/_Volatile.swiftmodule/arm64-apple-macos.swiftsourceinfo	4388	4388	0		
different	usr/lib/swift/macosx/_Volatile.swiftmodule/x86_64-apple-macos.private.swiftinterface	2741	2741	0		
different	usr/lib/swift/macosx/_Volatile.swiftmodule/x86_64-apple-macos.swiftdoc	3752	3752	0		
different	usr/lib/swift/macosx/_Volatile.swiftmodule/x86_64-apple-macos.swiftinterface	2741	2741	0		
different	usr/lib/swift/macosx/_Volatile.swiftmodule/x86_64-apple-macos.swiftmodule	24968	24968	0		
different	usr/lib/swift/macosx/_Volatile.swiftmodule/x86_64-apple-macos.swiftsourceinfo	4388	4388	0		
different	usr/lib/swift/macosx/libArgumentParserToolInfo.a	627048	627048	0		
different	usr/lib/swift/macosx/libswiftCxx.a	364424	364424	0		
different	usr/lib/swift/macosx/libswiftCxxStdlib.a	477488	477488	0		
different	usr/lib/swift/macosx/testing/Testing.swiftmodule/arm64-apple-macos.swiftdoc	201832	201832	0		
different	usr/lib/swift/macosx/testing/Testing.swiftmodule/arm64-apple-macos.swiftinterface	72905	72905	0		
different	usr/lib/swift/macosx/testing/Testing.swiftmodule/x86_64-apple-macos.swiftdoc	201832	201832	0		
different	usr/lib/swift/macosx/testing/Testing.swiftmodule/x86_64-apple-macos.swiftinterface	72906	72906	0		
different	usr/lib/swift/macosx/testing/_TestDiscovery.swiftmodule/arm64-apple-macos.swiftdoc	412	412	0		
different	usr/lib/swift/macosx/testing/_TestDiscovery.swiftmodule/arm64-apple-macos.swiftinterface	901	901	0		
different	usr/lib/swift/macosx/testing/_TestDiscovery.swiftmodule/x86_64-apple-macos.swiftdoc	412	412	0		
different	usr/lib/swift/macosx/testing/_TestDiscovery.swiftmodule/x86_64-apple-macos.swiftinterface	902	902	0		
different	usr/lib/swift/macosx/testing/_TestingInterop.swiftmodule/arm64-apple-macos.swiftdoc	2444	2444	0		
different	usr/lib/swift/macosx/testing/_TestingInterop.swiftmodule/arm64-apple-macos.swiftinterface	1910	1910	0		
different	usr/lib/swift/macosx/testing/_TestingInterop.swiftmodule/x86_64-apple-macos.swiftdoc	2444	2444	0		
different	usr/lib/swift/macosx/testing/_TestingInterop.swiftmodule/x86_64-apple-macos.swiftinterface	1911	1911	0		
different	usr/lib/swift/macosx/testing/_Testing_AppKit.swiftmodule/arm64-apple-macos.swiftdoc	744	744	0		
different	usr/lib/swift/macosx/testing/_Testing_AppKit.swiftmodule/arm64-apple-macos.swiftinterface	1307	1307	0		
different	usr/lib/swift/macosx/testing/_Testing_AppKit.swiftmodule/x86_64-apple-macos.swiftdoc	744	744	0		
different	usr/lib/swift/macosx/testing/_Testing_AppKit.swiftmodule/x86_64-apple-macos.swiftinterface	1308	1308	0		
different	usr/lib/swift/macosx/testing/_Testing_CoreGraphics.swiftmodule/arm64-apple-macos.swiftdoc	6024	6024	0		
different	usr/lib/swift/macosx/testing/_Testing_CoreGraphics.swiftmodule/arm64-apple-macos.swiftinterface	2147	2147	0		
different	usr/lib/swift/macosx/testing/_Testing_CoreGraphics.swiftmodule/x86_64-apple-macos.swiftdoc	6024	6024	0		
different	usr/lib/swift/macosx/testing/_Testing_CoreGraphics.swiftmodule/x86_64-apple-macos.swiftinterface	2148	2148	0		
different	usr/lib/swift/macosx/testing/_Testing_CoreImage.swiftmodule/arm64-apple-macos.swiftdoc	752	752	0		
different	usr/lib/swift/macosx/testing/_Testing_CoreImage.swiftmodule/arm64-apple-macos.swiftinterface	1322	1322	0		
different	usr/lib/swift/macosx/testing/_Testing_CoreImage.swiftmodule/x86_64-apple-macos.swiftdoc	752	752	0		
different	usr/lib/swift/macosx/testing/_Testing_CoreImage.swiftmodule/x86_64-apple-macos.swiftinterface	1323	1323	0		
different	usr/lib/swift/macosx/testing/_Testing_CoreTransferable.swiftmodule/arm64-apple-macos.swiftdoc	5104	5104	0		
different	usr/lib/swift/macosx/testing/_Testing_CoreTransferable.swiftmodule/arm64-apple-macos.swiftinterface	2400	2400	0		
different	usr/lib/swift/macosx/testing/_Testing_CoreTransferable.swiftmodule/x86_64-apple-macos.swiftdoc	5104	5104	0		
different	usr/lib/swift/macosx/testing/_Testing_CoreTransferable.swiftmodule/x86_64-apple-macos.swiftinterface	2401	2401	0		
different	usr/lib/swift/macosx/testing/_Testing_Foundation.swiftmodule/arm64-apple-macos.swiftdoc	9692	9692	0		
different	usr/lib/swift/macosx/testing/_Testing_Foundation.swiftmodule/arm64-apple-macos.swiftinterface	3169	3169	0		
different	usr/lib/swift/macosx/testing/_Testing_Foundation.swiftmodule/x86_64-apple-macos.swiftdoc	9692	9692	0		
different	usr/lib/swift/macosx/testing/_Testing_Foundation.swiftmodule/x86_64-apple-macos.swiftinterface	3170	3170	0		
different	usr/lib/swift/macosx/testing/_Testing_UIKit.swiftmodule/arm64-apple-macos.swiftdoc	412	412	0		
different	usr/lib/swift/macosx/testing/_Testing_UIKit.swiftmodule/arm64-apple-macos.swiftinterface	973	973	0		
different	usr/lib/swift/macosx/testing/_Testing_UIKit.swiftmodule/x86_64-apple-macos.swiftdoc	412	412	0		
different	usr/lib/swift/macosx/testing/_Testing_UIKit.swiftmodule/x86_64-apple-macos.swiftinterface	974	974	0		
different	usr/lib/swift/pm/ManifestAPI/CompilerPluginSupport.swiftmodule/arm64-apple-macos.swiftdoc	432	432	0		
different	usr/lib/swift/pm/ManifestAPI/CompilerPluginSupport.swiftmodule/arm64-apple-macos.swiftmodule	29584	29584	0		
different	usr/lib/swift/pm/ManifestAPI/CompilerPluginSupport.swiftmodule/x86_64-apple-macos.swiftdoc	432	432	0		
different	usr/lib/swift/pm/ManifestAPI/CompilerPluginSupport.swiftmodule/x86_64-apple-macos.swiftmodule	29588	29588	0		
different	usr/lib/swift/pm/ManifestAPI/PackageDescription.swiftmodule/arm64-apple-macos.swiftdoc	239524	239524	0		
different	usr/lib/swift/pm/ManifestAPI/PackageDescription.swiftmodule/arm64-apple-macos.swiftmodule	471812	471828	16		
different	usr/lib/swift/pm/ManifestAPI/PackageDescription.swiftmodule/x86_64-apple-macos.swiftdoc	239524	239524	0		
different	usr/lib/swift/pm/ManifestAPI/PackageDescription.swiftmodule/x86_64-apple-macos.swiftmodule	472144	472136	-8		
different	usr/lib/swift/pm/PluginAPI/PackagePlugin.swiftmodule/arm64-apple-macos.swiftdoc	86648	86648	0		
different	usr/lib/swift/pm/PluginAPI/PackagePlugin.swiftmodule/arm64-apple-macos.swiftmodule	414608	414624	16		
different	usr/lib/swift/pm/PluginAPI/PackagePlugin.swiftmodule/x86_64-apple-macos.swiftdoc	86648	86648	0		
different	usr/lib/swift/pm/PluginAPI/PackagePlugin.swiftmodule/x86_64-apple-macos.swiftmodule	414936	414928	-8		
different	usr/lib/swift/watchos/Cxx.swiftmodule/arm64_32-apple-watchos.private.swiftinterface	33874	33874	0		
different	usr/lib/swift/watchos/Cxx.swiftmodule/arm64_32-apple-watchos.swiftdoc	13880	13880	0		
different	usr/lib/swift/watchos/Cxx.swiftmodule/arm64_32-apple-watchos.swiftinterface	33874	33874	0		
different	usr/lib/swift/watchos/Cxx.swiftmodule/arm64_32-apple-watchos.swiftsourceinfo	48436	48436	0		
different	usr/lib/swift/watchos/Cxx.swiftmodule/armv7k-apple-watchos.private.swiftinterface	33872	33872	0		
different	usr/lib/swift/watchos/Cxx.swiftmodule/armv7k-apple-watchos.swiftdoc	13876	13876	0		
different	usr/lib/swift/watchos/Cxx.swiftmodule/armv7k-apple-watchos.swiftinterface	33872	33872	0		
different	usr/lib/swift/watchos/Cxx.swiftmodule/armv7k-apple-watchos.swiftsourceinfo	48432	48432	0		
different	usr/lib/swift/watchos/CxxStdlib.swiftmodule/arm64_32-apple-watchos.private.swiftinterface	19625	19625	0		
different	usr/lib/swift/watchos/CxxStdlib.swiftmodule/arm64_32-apple-watchos.swiftdoc	7108	7108	0		
different	usr/lib/swift/watchos/CxxStdlib.swiftmodule/arm64_32-apple-watchos.swiftinterface	19625	19625	0		
different	usr/lib/swift/watchos/CxxStdlib.swiftmodule/arm64_32-apple-watchos.swiftsourceinfo	32720	32720	0		
different	usr/lib/swift/watchos/CxxStdlib.swiftmodule/armv7k-apple-watchos.private.swiftinterface	19623	19623	0		
different	usr/lib/swift/watchos/CxxStdlib.swiftmodule/armv7k-apple-watchos.swiftdoc	7104	7104	0		
different	usr/lib/swift/watchos/CxxStdlib.swiftmodule/armv7k-apple-watchos.swiftinterface	19623	19623	0		
different	usr/lib/swift/watchos/CxxStdlib.swiftmodule/armv7k-apple-watchos.swiftsourceinfo	32716	32716	0		
different	usr/lib/swift/watchos/Distributed.swiftmodule/arm64_32-apple-watchos.private.swiftinterface	23309	23309	0		
different	usr/lib/swift/watchos/Distributed.swiftmodule/arm64_32-apple-watchos.swiftdoc	78092	78092	0		
different	usr/lib/swift/watchos/Distributed.swiftmodule/arm64_32-apple-watchos.swiftinterface	23309	23309	0		
different	usr/lib/swift/watchos/Distributed.swiftmodule/arm64_32-apple-watchos.swiftmodule	89656	89656	0		
different	usr/lib/swift/watchos/Distributed.swiftmodule/arm64_32-apple-watchos.swiftsourceinfo	61564	61564	0		
different	usr/lib/swift/watchos/Distributed.swiftmodule/armv7k-apple-watchos.private.swiftinterface	23307	23307	0		
different	usr/lib/swift/watchos/Distributed.swiftmodule/armv7k-apple-watchos.swiftdoc	78088	78088	0		
different	usr/lib/swift/watchos/Distributed.swiftmodule/armv7k-apple-watchos.swiftinterface	23307	23307	0		
different	usr/lib/swift/watchos/Distributed.swiftmodule/armv7k-apple-watchos.swiftmodule	89652	89652	0		
different	usr/lib/swift/watchos/Distributed.swiftmodule/armv7k-apple-watchos.swiftsourceinfo	61560	61560	0		
different	usr/lib/swift/watchos/Observation.swiftmodule/arm64_32-apple-watchos.private.swiftinterface	12001	12001	0		
different	usr/lib/swift/watchos/Observation.swiftmodule/arm64_32-apple-watchos.swiftdoc	8512	8512	0		
different	usr/lib/swift/watchos/Observation.swiftmodule/arm64_32-apple-watchos.swiftinterface	10480	10480	0		
different	usr/lib/swift/watchos/Observation.swiftmodule/arm64_32-apple-watchos.swiftmodule	99932	99932	0		
different	usr/lib/swift/watchos/Observation.swiftmodule/arm64_32-apple-watchos.swiftsourceinfo	18228	18228	0		
different	usr/lib/swift/watchos/Observation.swiftmodule/armv7k-apple-watchos.private.swiftinterface	11999	11999	0		
different	usr/lib/swift/watchos/Observation.swiftmodule/armv7k-apple-watchos.swiftdoc	8508	8508	0		
different	usr/lib/swift/watchos/Observation.swiftmodule/armv7k-apple-watchos.swiftinterface	10478	10478	0		
different	usr/lib/swift/watchos/Observation.swiftmodule/armv7k-apple-watchos.swiftmodule	99928	99928	0		
different	usr/lib/swift/watchos/Observation.swiftmodule/armv7k-apple-watchos.swiftsourceinfo	18224	18224	0		
different	usr/lib/swift/watchos/RegexBuilder.swiftmodule/arm64_32-apple-watchos.private.swiftinterface	206082	206082	0		
different	usr/lib/swift/watchos/RegexBuilder.swiftmodule/arm64_32-apple-watchos.swiftdoc	265764	265764	0		
different	usr/lib/swift/watchos/RegexBuilder.swiftmodule/arm64_32-apple-watchos.swiftinterface	206062	206062	0		
different	usr/lib/swift/watchos/RegexBuilder.swiftmodule/arm64_32-apple-watchos.swiftmodule	1231680	1231680	0		
different	usr/lib/swift/watchos/RegexBuilder.swiftmodule/arm64_32-apple-watchos.swiftsourceinfo	359888	359888	0		
different	usr/lib/swift/watchos/RegexBuilder.swiftmodule/armv7k-apple-watchos.private.swiftinterface	206080	206080	0		
different	usr/lib/swift/watchos/RegexBuilder.swiftmodule/armv7k-apple-watchos.swiftdoc	265760	265760	0		
different	usr/lib/swift/watchos/RegexBuilder.swiftmodule/armv7k-apple-watchos.swiftinterface	206060	206060	0		
different	usr/lib/swift/watchos/RegexBuilder.swiftmodule/armv7k-apple-watchos.swiftmodule	1231676	1231676	0		
different	usr/lib/swift/watchos/RegexBuilder.swiftmodule/armv7k-apple-watchos.swiftsourceinfo	359884	359884	0		
different	usr/lib/swift/watchos/Swift.swiftmodule/arm64_32-apple-watchos.private.swiftinterface	2400753	2400753	0		
different	usr/lib/swift/watchos/Swift.swiftmodule/arm64_32-apple-watchos.swiftdoc	4369584	4369584	0		
different	usr/lib/swift/watchos/Swift.swiftmodule/arm64_32-apple-watchos.swiftinterface	2345339	2345339	0		
different	usr/lib/swift/watchos/Swift.swiftmodule/arm64_32-apple-watchos.swiftmodule	17565780	17565780	0		
different	usr/lib/swift/watchos/Swift.swiftmodule/arm64_32-apple-watchos.swiftsourceinfo	4045140	4045140	0		
different	usr/lib/swift/watchos/Swift.swiftmodule/armv7k-apple-watchos.private.swiftinterface	2397122	2397122	0		
different	usr/lib/swift/watchos/Swift.swiftmodule/armv7k-apple-watchos.swiftdoc	4367832	4367832	0		
different	usr/lib/swift/watchos/Swift.swiftmodule/armv7k-apple-watchos.swiftinterface	2341708	2341708	0		
different	usr/lib/swift/watchos/Swift.swiftmodule/armv7k-apple-watchos.swiftmodule	17610292	17610292	0		
different	usr/lib/swift/watchos/Swift.swiftmodule/armv7k-apple-watchos.swiftsourceinfo	4043660	4043660	0		
different	usr/lib/swift/watchos/SwiftOnoneSupport.swiftmodule/arm64_32-apple-watchos.private.swiftinterface	1080	1080	0		
different	usr/lib/swift/watchos/SwiftOnoneSupport.swiftmodule/arm64_32-apple-watchos.swiftdoc	432	432	0		
different	usr/lib/swift/watchos/SwiftOnoneSupport.swiftmodule/arm64_32-apple-watchos.swiftinterface	1080	1080	0		
different	usr/lib/swift/watchos/SwiftOnoneSupport.swiftmodule/arm64_32-apple-watchos.swiftmodule	247976	247976	0		
different	usr/lib/swift/watchos/SwiftOnoneSupport.swiftmodule/arm64_32-apple-watchos.swiftsourceinfo	3244	3244	0		
different	usr/lib/swift/watchos/SwiftOnoneSupport.swiftmodule/armv7k-apple-watchos.private.swiftinterface	1078	1078	0		
different	usr/lib/swift/watchos/SwiftOnoneSupport.swiftmodule/armv7k-apple-watchos.swiftdoc	428	428	0		
different	usr/lib/swift/watchos/SwiftOnoneSupport.swiftmodule/armv7k-apple-watchos.swiftinterface	1078	1078	0		
different	usr/lib/swift/watchos/SwiftOnoneSupport.swiftmodule/armv7k-apple-watchos.swiftmodule	247972	247972	0		
different	usr/lib/swift/watchos/SwiftOnoneSupport.swiftmodule/armv7k-apple-watchos.swiftsourceinfo	3240	3240	0		
different	usr/lib/swift/watchos/Synchronization.swiftmodule/arm64_32-apple-watchos.private.swiftinterface	241514	241514	0		
different	usr/lib/swift/watchos/Synchronization.swiftmodule/arm64_32-apple-watchos.swiftdoc	254208	254208	0		
different	usr/lib/swift/watchos/Synchronization.swiftmodule/arm64_32-apple-watchos.swiftinterface	241514	241514	0		
different	usr/lib/swift/watchos/Synchronization.swiftmodule/arm64_32-apple-watchos.swiftmodule	574956	574956	0		
different	usr/lib/swift/watchos/Synchronization.swiftmodule/arm64_32-apple-watchos.swiftsourceinfo	202136	202136	0		
different	usr/lib/swift/watchos/Synchronization.swiftmodule/armv7k-apple-watchos.private.swiftinterface	220228	220228	0		
different	usr/lib/swift/watchos/Synchronization.swiftmodule/armv7k-apple-watchos.swiftdoc	235384	235384	0		
different	usr/lib/swift/watchos/Synchronization.swiftmodule/armv7k-apple-watchos.swiftinterface	220228	220228	0		
different	usr/lib/swift/watchos/Synchronization.swiftmodule/armv7k-apple-watchos.swiftmodule	536304	536304	0		
different	usr/lib/swift/watchos/Synchronization.swiftmodule/armv7k-apple-watchos.swiftsourceinfo	189296	189296	0		
different	usr/lib/swift/watchos/_Builtin_float.swiftmodule/arm64_32-apple-watchos.private.swiftinterface	4232	4232	0		
different	usr/lib/swift/watchos/_Builtin_float.swiftmodule/arm64_32-apple-watchos.swiftdoc	428	428	0		
different	usr/lib/swift/watchos/_Builtin_float.swiftmodule/arm64_32-apple-watchos.swiftinterface	4232	4232	0		
different	usr/lib/swift/watchos/_Builtin_float.swiftmodule/arm64_32-apple-watchos.swiftmodule	23704	23704	0		
different	usr/lib/swift/watchos/_Builtin_float.swiftmodule/arm64_32-apple-watchos.swiftsourceinfo	2832	2832	0		
different	usr/lib/swift/watchos/_Builtin_float.swiftmodule/armv7k-apple-watchos.private.swiftinterface	4230	4230	0		
different	usr/lib/swift/watchos/_Builtin_float.swiftmodule/armv7k-apple-watchos.swiftdoc	424	424	0		
different	usr/lib/swift/watchos/_Builtin_float.swiftmodule/armv7k-apple-watchos.swiftinterface	4230	4230	0		
different	usr/lib/swift/watchos/_Builtin_float.swiftmodule/armv7k-apple-watchos.swiftmodule	23700	23700	0		
different	usr/lib/swift/watchos/_Builtin_float.swiftmodule/armv7k-apple-watchos.swiftsourceinfo	2828	2828	0		
different	usr/lib/swift/watchos/_Concurrency.swiftmodule/arm64_32-apple-watchos.private.swiftinterface	302753	302753	0		
different	usr/lib/swift/watchos/_Concurrency.swiftmodule/arm64_32-apple-watchos.swiftdoc	436372	436372	0		
different	usr/lib/swift/watchos/_Concurrency.swiftmodule/arm64_32-apple-watchos.swiftinterface	293990	293990	0		
different	usr/lib/swift/watchos/_Concurrency.swiftmodule/arm64_32-apple-watchos.swiftmodule	943156	943156	0		
different	usr/lib/swift/watchos/_Concurrency.swiftmodule/arm64_32-apple-watchos.swiftsourceinfo	427768	427768	0		
different	usr/lib/swift/watchos/_Concurrency.swiftmodule/armv7k-apple-watchos.private.swiftinterface	302751	302751	0		
different	usr/lib/swift/watchos/_Concurrency.swiftmodule/armv7k-apple-watchos.swiftdoc	436368	436368	0		
different	usr/lib/swift/watchos/_Concurrency.swiftmodule/armv7k-apple-watchos.swiftinterface	293988	293988	0		
different	usr/lib/swift/watchos/_Concurrency.swiftmodule/armv7k-apple-watchos.swiftmodule	946416	946416	0		
different	usr/lib/swift/watchos/_Concurrency.swiftmodule/armv7k-apple-watchos.swiftsourceinfo	427764	427764	0		
different	usr/lib/swift/watchos/_Differentiation.swiftmodule/arm64_32-apple-watchos.private.swiftinterface	136649	136649	0		
different	usr/lib/swift/watchos/_Differentiation.swiftmodule/arm64_32-apple-watchos.swiftdoc	7808	7808	0		
different	usr/lib/swift/watchos/_Differentiation.swiftmodule/arm64_32-apple-watchos.swiftinterface	136649	136649	0		
different	usr/lib/swift/watchos/_Differentiation.swiftmodule/arm64_32-apple-watchos.swiftmodule	1205716	1205716	0		
different	usr/lib/swift/watchos/_Differentiation.swiftmodule/arm64_32-apple-watchos.swiftsourceinfo	116072	116072	0		
different	usr/lib/swift/watchos/_Differentiation.swiftmodule/armv7k-apple-watchos.private.swiftinterface	136647	136647	0		
different	usr/lib/swift/watchos/_Differentiation.swiftmodule/armv7k-apple-watchos.swiftdoc	7804	7804	0		
different	usr/lib/swift/watchos/_Differentiation.swiftmodule/armv7k-apple-watchos.swiftinterface	136647	136647	0		
different	usr/lib/swift/watchos/_Differentiation.swiftmodule/armv7k-apple-watchos.swiftmodule	1205712	1205712	0		
different	usr/lib/swift/watchos/_Differentiation.swiftmodule/armv7k-apple-watchos.swiftsourceinfo	116068	116068	0		
different	usr/lib/swift/watchos/_RegexParser.swiftmodule/arm64_32-apple-watchos.private.swiftinterface	90819	90819	0		
different	usr/lib/swift/watchos/_RegexParser.swiftmodule/arm64_32-apple-watchos.swiftdoc	104804	104804	0		
different	usr/lib/swift/watchos/_RegexParser.swiftmodule/arm64_32-apple-watchos.swiftinterface	89838	89838	0		
different	usr/lib/swift/watchos/_RegexParser.swiftmodule/arm64_32-apple-watchos.swiftmodule	414100	414100	0		
different	usr/lib/swift/watchos/_RegexParser.swiftmodule/arm64_32-apple-watchos.swiftsourceinfo	311708	311708	0		
different	usr/lib/swift/watchos/_RegexParser.swiftmodule/armv7k-apple-watchos.private.swiftinterface	90817	90817	0		
different	usr/lib/swift/watchos/_RegexParser.swiftmodule/armv7k-apple-watchos.swiftdoc	104800	104800	0		
different	usr/lib/swift/watchos/_RegexParser.swiftmodule/armv7k-apple-watchos.swiftinterface	89836	89836	0		
different	usr/lib/swift/watchos/_RegexParser.swiftmodule/armv7k-apple-watchos.swiftmodule	414096	414096	0		
different	usr/lib/swift/watchos/_RegexParser.swiftmodule/armv7k-apple-watchos.swiftsourceinfo	311704	311704	0		
different	usr/lib/swift/watchos/_StringProcessing.swiftmodule/arm64_32-apple-watchos.private.swiftinterface	36759	36759	0		
different	usr/lib/swift/watchos/_StringProcessing.swiftmodule/arm64_32-apple-watchos.swiftdoc	56372	56372	0		
different	usr/lib/swift/watchos/_StringProcessing.swiftmodule/arm64_32-apple-watchos.swiftinterface	23779	23779	0		
different	usr/lib/swift/watchos/_StringProcessing.swiftmodule/arm64_32-apple-watchos.swiftmodule	486412	486412	0		
different	usr/lib/swift/watchos/_StringProcessing.swiftmodule/arm64_32-apple-watchos.swiftsourceinfo	119484	119484	0		
different	usr/lib/swift/watchos/_StringProcessing.swiftmodule/armv7k-apple-watchos.private.swiftinterface	36757	36757	0		
different	usr/lib/swift/watchos/_StringProcessing.swiftmodule/armv7k-apple-watchos.swiftdoc	56368	56368	0		
different	usr/lib/swift/watchos/_StringProcessing.swiftmodule/armv7k-apple-watchos.swiftinterface	23777	23777	0		
different	usr/lib/swift/watchos/_StringProcessing.swiftmodule/armv7k-apple-watchos.swiftmodule	486408	486408	0		
different	usr/lib/swift/watchos/_StringProcessing.swiftmodule/armv7k-apple-watchos.swiftsourceinfo	119480	119480	0		
different	usr/lib/swift/watchos/_Volatile.swiftmodule/arm64_32-apple-watchos.private.swiftinterface	2743	2743	0		
different	usr/lib/swift/watchos/_Volatile.swiftmodule/arm64_32-apple-watchos.swiftdoc	3756	3756	0		
different	usr/lib/swift/watchos/_Volatile.swiftmodule/arm64_32-apple-watchos.swiftinterface	2743	2743	0		
different	usr/lib/swift/watchos/_Volatile.swiftmodule/arm64_32-apple-watchos.swiftmodule	24972	24972	0		
different	usr/lib/swift/watchos/_Volatile.swiftmodule/arm64_32-apple-watchos.swiftsourceinfo	4392	4392	0		
different	usr/lib/swift/watchos/_Volatile.swiftmodule/armv7k-apple-watchos.private.swiftinterface	2741	2741	0		
different	usr/lib/swift/watchos/_Volatile.swiftmodule/armv7k-apple-watchos.swiftdoc	3752	3752	0		
different	usr/lib/swift/watchos/_Volatile.swiftmodule/armv7k-apple-watchos.swiftinterface	2741	2741	0		
different	usr/lib/swift/watchos/_Volatile.swiftmodule/armv7k-apple-watchos.swiftmodule	24968	24968	0		
different	usr/lib/swift/watchos/_Volatile.swiftmodule/armv7k-apple-watchos.swiftsourceinfo	4388	4388	0		
different	usr/lib/swift/watchos/libswiftCxx.a	341728	341728	0		
different	usr/lib/swift/watchos/libswiftCxxStdlib.a	467752	467752	0		
different	usr/lib/swift/watchsimulator/Cxx.swiftmodule/arm64-apple-watchos-simulator.private.swiftinterface	33881	33881	0		
different	usr/lib/swift/watchsimulator/Cxx.swiftmodule/arm64-apple-watchos-simulator.swiftdoc	13884	13884	0		
different	usr/lib/swift/watchsimulator/Cxx.swiftmodule/arm64-apple-watchos-simulator.swiftinterface	33881	33881	0		
different	usr/lib/swift/watchsimulator/Cxx.swiftmodule/arm64-apple-watchos-simulator.swiftsourceinfo	48440	48440	0		
different	usr/lib/swift/watchsimulator/Cxx.swiftmodule/x86_64-apple-watchos-simulator.private.swiftinterface	33882	33882	0		
different	usr/lib/swift/watchsimulator/Cxx.swiftmodule/x86_64-apple-watchos-simulator.swiftdoc	13888	13888	0		
different	usr/lib/swift/watchsimulator/Cxx.swiftmodule/x86_64-apple-watchos-simulator.swiftinterface	33882	33882	0		
different	usr/lib/swift/watchsimulator/Cxx.swiftmodule/x86_64-apple-watchos-simulator.swiftsourceinfo	48444	48444	0		
different	usr/lib/swift/watchsimulator/CxxStdlib.swiftmodule/arm64-apple-watchos-simulator.private.swiftinterface	19632	19632	0		
different	usr/lib/swift/watchsimulator/CxxStdlib.swiftmodule/arm64-apple-watchos-simulator.swiftdoc	7112	7112	0		
different	usr/lib/swift/watchsimulator/CxxStdlib.swiftmodule/arm64-apple-watchos-simulator.swiftinterface	19632	19632	0		
different	usr/lib/swift/watchsimulator/CxxStdlib.swiftmodule/arm64-apple-watchos-simulator.swiftsourceinfo	32624	32624	0		
different	usr/lib/swift/watchsimulator/CxxStdlib.swiftmodule/x86_64-apple-watchos-simulator.private.swiftinterface	19633	19633	0		
different	usr/lib/swift/watchsimulator/CxxStdlib.swiftmodule/x86_64-apple-watchos-simulator.swiftdoc	7116	7116	0		
different	usr/lib/swift/watchsimulator/CxxStdlib.swiftmodule/x86_64-apple-watchos-simulator.swiftinterface	19633	19633	0		
different	usr/lib/swift/watchsimulator/CxxStdlib.swiftmodule/x86_64-apple-watchos-simulator.swiftsourceinfo	32628	32628	0		
different	usr/lib/swift/watchsimulator/Distributed.swiftmodule/arm64-apple-watchos-simulator.private.swiftinterface	23316	23316	0		
different	usr/lib/swift/watchsimulator/Distributed.swiftmodule/arm64-apple-watchos-simulator.swiftdoc	78096	78096	0		
different	usr/lib/swift/watchsimulator/Distributed.swiftmodule/arm64-apple-watchos-simulator.swiftinterface	23316	23316	0		
different	usr/lib/swift/watchsimulator/Distributed.swiftmodule/arm64-apple-watchos-simulator.swiftmodule	89288	89288	0		
different	usr/lib/swift/watchsimulator/Distributed.swiftmodule/arm64-apple-watchos-simulator.swiftsourceinfo	61568	61568	0		
different	usr/lib/swift/watchsimulator/Distributed.swiftmodule/x86_64-apple-watchos-simulator.private.swiftinterface	23317	23317	0		
different	usr/lib/swift/watchsimulator/Distributed.swiftmodule/x86_64-apple-watchos-simulator.swiftdoc	78100	78100	0		
different	usr/lib/swift/watchsimulator/Distributed.swiftmodule/x86_64-apple-watchos-simulator.swiftinterface	23317	23317	0		
different	usr/lib/swift/watchsimulator/Distributed.swiftmodule/x86_64-apple-watchos-simulator.swiftmodule	89292	89292	0		
different	usr/lib/swift/watchsimulator/Distributed.swiftmodule/x86_64-apple-watchos-simulator.swiftsourceinfo	61572	61572	0		
different	usr/lib/swift/watchsimulator/Observation.swiftmodule/arm64-apple-watchos-simulator.private.swiftinterface	12008	12008	0		
different	usr/lib/swift/watchsimulator/Observation.swiftmodule/arm64-apple-watchos-simulator.swiftdoc	8516	8516	0		
different	usr/lib/swift/watchsimulator/Observation.swiftmodule/arm64-apple-watchos-simulator.swiftinterface	10487	10487	0		
different	usr/lib/swift/watchsimulator/Observation.swiftmodule/arm64-apple-watchos-simulator.swiftmodule	99944	99944	0		
different	usr/lib/swift/watchsimulator/Observation.swiftmodule/arm64-apple-watchos-simulator.swiftsourceinfo	18232	18232	0		
different	usr/lib/swift/watchsimulator/Observation.swiftmodule/x86_64-apple-watchos-simulator.private.swiftinterface	12009	12009	0		
different	usr/lib/swift/watchsimulator/Observation.swiftmodule/x86_64-apple-watchos-simulator.swiftdoc	8520	8520	0		
different	usr/lib/swift/watchsimulator/Observation.swiftmodule/x86_64-apple-watchos-simulator.swiftinterface	10488	10488	0		
different	usr/lib/swift/watchsimulator/Observation.swiftmodule/x86_64-apple-watchos-simulator.swiftmodule	99948	99948	0		
different	usr/lib/swift/watchsimulator/Observation.swiftmodule/x86_64-apple-watchos-simulator.swiftsourceinfo	18236	18236	0		
different	usr/lib/swift/watchsimulator/RegexBuilder.swiftmodule/arm64-apple-watchos-simulator.private.swiftinterface	206089	206089	0		
different	usr/lib/swift/watchsimulator/RegexBuilder.swiftmodule/arm64-apple-watchos-simulator.swiftdoc	265768	265768	0		
different	usr/lib/swift/watchsimulator/RegexBuilder.swiftmodule/arm64-apple-watchos-simulator.swiftinterface	206069	206069	0		
different	usr/lib/swift/watchsimulator/RegexBuilder.swiftmodule/arm64-apple-watchos-simulator.swiftmodule	1231704	1231704	0		
different	usr/lib/swift/watchsimulator/RegexBuilder.swiftmodule/arm64-apple-watchos-simulator.swiftsourceinfo	359892	359892	0		
different	usr/lib/swift/watchsimulator/RegexBuilder.swiftmodule/x86_64-apple-watchos-simulator.private.swiftinterface	206090	206090	0		
different	usr/lib/swift/watchsimulator/RegexBuilder.swiftmodule/x86_64-apple-watchos-simulator.swiftdoc	265772	265772	0		
different	usr/lib/swift/watchsimulator/RegexBuilder.swiftmodule/x86_64-apple-watchos-simulator.swiftinterface	206070	206070	0		
different	usr/lib/swift/watchsimulator/RegexBuilder.swiftmodule/x86_64-apple-watchos-simulator.swiftmodule	1231708	1231708	0		
different	usr/lib/swift/watchsimulator/RegexBuilder.swiftmodule/x86_64-apple-watchos-simulator.swiftsourceinfo	359896	359896	0		
different	usr/lib/swift/watchsimulator/Swift.swiftmodule/Swift.opt.bitstream	1924944	1924944	0		
different	usr/lib/swift/watchsimulator/Swift.swiftmodule/arm64-apple-watchos-simulator.private.swiftinterface	2401651	2401651	0		
different	usr/lib/swift/watchsimulator/Swift.swiftmodule/arm64-apple-watchos-simulator.swiftdoc	4372272	4372272	0		
different	usr/lib/swift/watchsimulator/Swift.swiftmodule/arm64-apple-watchos-simulator.swiftinterface	2346237	2346237	0		
different	usr/lib/swift/watchsimulator/Swift.swiftmodule/arm64-apple-watchos-simulator.swiftmodule	17065056	17065056	0		
different	usr/lib/swift/watchsimulator/Swift.swiftmodule/arm64-apple-watchos-simulator.swiftsourceinfo	4046732	4046732	0		
different	usr/lib/swift/watchsimulator/Swift.swiftmodule/x86_64-apple-watchos-simulator.private.swiftinterface	2435020	2435020	0		
different	usr/lib/swift/watchsimulator/Swift.swiftmodule/x86_64-apple-watchos-simulator.swiftdoc	4424680	4424680	0		
different	usr/lib/swift/watchsimulator/Swift.swiftmodule/x86_64-apple-watchos-simulator.swiftinterface	2379606	2379606	0		
different	usr/lib/swift/watchsimulator/Swift.swiftmodule/x86_64-apple-watchos-simulator.swiftmodule	17359096	17359096	0		
different	usr/lib/swift/watchsimulator/Swift.swiftmodule/x86_64-apple-watchos-simulator.swiftsourceinfo	4097340	4097340	0		
different	usr/lib/swift/watchsimulator/SwiftOnoneSupport.swiftmodule/arm64-apple-watchos-simulator.private.swiftinterface	1087	1087	0		
different	usr/lib/swift/watchsimulator/SwiftOnoneSupport.swiftmodule/arm64-apple-watchos-simulator.swiftdoc	436	436	0		
different	usr/lib/swift/watchsimulator/SwiftOnoneSupport.swiftmodule/arm64-apple-watchos-simulator.swiftinterface	1087	1087	0		
different	usr/lib/swift/watchsimulator/SwiftOnoneSupport.swiftmodule/arm64-apple-watchos-simulator.swiftmodule	247988	247988	0		
different	usr/lib/swift/watchsimulator/SwiftOnoneSupport.swiftmodule/arm64-apple-watchos-simulator.swiftsourceinfo	3248	3248	0		
different	usr/lib/swift/watchsimulator/SwiftOnoneSupport.swiftmodule/x86_64-apple-watchos-simulator.private.swiftinterface	1088	1088	0		
different	usr/lib/swift/watchsimulator/SwiftOnoneSupport.swiftmodule/x86_64-apple-watchos-simulator.swiftdoc	440	440	0		
different	usr/lib/swift/watchsimulator/SwiftOnoneSupport.swiftmodule/x86_64-apple-watchos-simulator.swiftinterface	1088	1088	0		
different	usr/lib/swift/watchsimulator/SwiftOnoneSupport.swiftmodule/x86_64-apple-watchos-simulator.swiftmodule	247992	247992	0		
different	usr/lib/swift/watchsimulator/SwiftOnoneSupport.swiftmodule/x86_64-apple-watchos-simulator.swiftsourceinfo	3252	3252	0		
different	usr/lib/swift/watchsimulator/Synchronization.swiftmodule/arm64-apple-watchos-simulator.private.swiftinterface	242769	242769	0		
different	usr/lib/swift/watchsimulator/Synchronization.swiftmodule/arm64-apple-watchos-simulator.swiftdoc	256236	256236	0		
different	usr/lib/swift/watchsimulator/Synchronization.swiftmodule/arm64-apple-watchos-simulator.swiftinterface	242769	242769	0		
different	usr/lib/swift/watchsimulator/Synchronization.swiftmodule/arm64-apple-watchos-simulator.swiftmodule	578392	578392	0		
different	usr/lib/swift/watchsimulator/Synchronization.swiftmodule/arm64-apple-watchos-simulator.swiftsourceinfo	203580	203580	0		
different	usr/lib/swift/watchsimulator/Synchronization.swiftmodule/x86_64-apple-watchos-simulator.private.swiftinterface	242770	242770	0		
different	usr/lib/swift/watchsimulator/Synchronization.swiftmodule/x86_64-apple-watchos-simulator.swiftdoc	256240	256240	0		
different	usr/lib/swift/watchsimulator/Synchronization.swiftmodule/x86_64-apple-watchos-simulator.swiftinterface	242770	242770	0		
different	usr/lib/swift/watchsimulator/Synchronization.swiftmodule/x86_64-apple-watchos-simulator.swiftmodule	578396	578396	0		
different	usr/lib/swift/watchsimulator/Synchronization.swiftmodule/x86_64-apple-watchos-simulator.swiftsourceinfo	203584	203584	0		
different	usr/lib/swift/watchsimulator/_Builtin_float.swiftmodule/arm64-apple-watchos-simulator.private.swiftinterface	4239	4239	0		
different	usr/lib/swift/watchsimulator/_Builtin_float.swiftmodule/arm64-apple-watchos-simulator.swiftdoc	432	432	0		
different	usr/lib/swift/watchsimulator/_Builtin_float.swiftmodule/arm64-apple-watchos-simulator.swiftinterface	4239	4239	0		
different	usr/lib/swift/watchsimulator/_Builtin_float.swiftmodule/arm64-apple-watchos-simulator.swiftmodule	23716	23716	0		
different	usr/lib/swift/watchsimulator/_Builtin_float.swiftmodule/arm64-apple-watchos-simulator.swiftsourceinfo	2836	2836	0		
different	usr/lib/swift/watchsimulator/_Builtin_float.swiftmodule/x86_64-apple-watchos-simulator.private.swiftinterface	5760	5760	0		
different	usr/lib/swift/watchsimulator/_Builtin_float.swiftmodule/x86_64-apple-watchos-simulator.swiftdoc	436	436	0		
different	usr/lib/swift/watchsimulator/_Builtin_float.swiftmodule/x86_64-apple-watchos-simulator.swiftinterface	5760	5760	0		
different	usr/lib/swift/watchsimulator/_Builtin_float.swiftmodule/x86_64-apple-watchos-simulator.swiftmodule	26032	26032	0		
different	usr/lib/swift/watchsimulator/_Builtin_float.swiftmodule/x86_64-apple-watchos-simulator.swiftsourceinfo	3788	3788	0		
different	usr/lib/swift/watchsimulator/_Concurrency.swiftmodule/arm64-apple-watchos-simulator.private.swiftinterface	302760	302760	0		
different	usr/lib/swift/watchsimulator/_Concurrency.swiftmodule/arm64-apple-watchos-simulator.swiftdoc	436376	436376	0		
different	usr/lib/swift/watchsimulator/_Concurrency.swiftmodule/arm64-apple-watchos-simulator.swiftinterface	293997	293997	0		
different	usr/lib/swift/watchsimulator/_Concurrency.swiftmodule/arm64-apple-watchos-simulator.swiftmodule	935500	935500	0		
different	usr/lib/swift/watchsimulator/_Concurrency.swiftmodule/arm64-apple-watchos-simulator.swiftsourceinfo	427772	427772	0		
different	usr/lib/swift/watchsimulator/_Concurrency.swiftmodule/x86_64-apple-watchos-simulator.private.swiftinterface	302761	302761	0		
different	usr/lib/swift/watchsimulator/_Concurrency.swiftmodule/x86_64-apple-watchos-simulator.swiftdoc	436380	436380	0		
different	usr/lib/swift/watchsimulator/_Concurrency.swiftmodule/x86_64-apple-watchos-simulator.swiftinterface	293998	293998	0		
different	usr/lib/swift/watchsimulator/_Concurrency.swiftmodule/x86_64-apple-watchos-simulator.swiftmodule	935504	935504	0		
different	usr/lib/swift/watchsimulator/_Concurrency.swiftmodule/x86_64-apple-watchos-simulator.swiftsourceinfo	427776	427776	0		
different	usr/lib/swift/watchsimulator/_Differentiation.swiftmodule/arm64-apple-watchos-simulator.private.swiftinterface	136656	136656	0		
different	usr/lib/swift/watchsimulator/_Differentiation.swiftmodule/arm64-apple-watchos-simulator.swiftdoc	7812	7812	0		
different	usr/lib/swift/watchsimulator/_Differentiation.swiftmodule/arm64-apple-watchos-simulator.swiftinterface	136656	136656	0		
different	usr/lib/swift/watchsimulator/_Differentiation.swiftmodule/arm64-apple-watchos-simulator.swiftmodule	1208068	1208068	0		
different	usr/lib/swift/watchsimulator/_Differentiation.swiftmodule/arm64-apple-watchos-simulator.swiftsourceinfo	116076	116076	0		
different	usr/lib/swift/watchsimulator/_Differentiation.swiftmodule/x86_64-apple-watchos-simulator.private.swiftinterface	155828	155828	0		
different	usr/lib/swift/watchsimulator/_Differentiation.swiftmodule/x86_64-apple-watchos-simulator.swiftdoc	8408	8408	0		
different	usr/lib/swift/watchsimulator/_Differentiation.swiftmodule/x86_64-apple-watchos-simulator.swiftinterface	155828	155828	0		
different	usr/lib/swift/watchsimulator/_Differentiation.swiftmodule/x86_64-apple-watchos-simulator.swiftmodule	1309112	1309112	0		
different	usr/lib/swift/watchsimulator/_Differentiation.swiftmodule/x86_64-apple-watchos-simulator.swiftsourceinfo	130792	130792	0		
different	usr/lib/swift/watchsimulator/_RegexParser.swiftmodule/arm64-apple-watchos-simulator.private.swiftinterface	90826	90826	0		
different	usr/lib/swift/watchsimulator/_RegexParser.swiftmodule/arm64-apple-watchos-simulator.swiftdoc	104808	104808	0		
different	usr/lib/swift/watchsimulator/_RegexParser.swiftmodule/arm64-apple-watchos-simulator.swiftinterface	89845	89845	0		
different	usr/lib/swift/watchsimulator/_RegexParser.swiftmodule/arm64-apple-watchos-simulator.swiftmodule	413876	413876	0		
different	usr/lib/swift/watchsimulator/_RegexParser.swiftmodule/arm64-apple-watchos-simulator.swiftsourceinfo	311712	311712	0		
different	usr/lib/swift/watchsimulator/_RegexParser.swiftmodule/x86_64-apple-watchos-simulator.private.swiftinterface	90827	90827	0		
different	usr/lib/swift/watchsimulator/_RegexParser.swiftmodule/x86_64-apple-watchos-simulator.swiftdoc	104812	104812	0		
different	usr/lib/swift/watchsimulator/_RegexParser.swiftmodule/x86_64-apple-watchos-simulator.swiftinterface	89846	89846	0		
different	usr/lib/swift/watchsimulator/_RegexParser.swiftmodule/x86_64-apple-watchos-simulator.swiftmodule	413880	413880	0		
different	usr/lib/swift/watchsimulator/_RegexParser.swiftmodule/x86_64-apple-watchos-simulator.swiftsourceinfo	311716	311716	0		
different	usr/lib/swift/watchsimulator/_StringProcessing.swiftmodule/arm64-apple-watchos-simulator.private.swiftinterface	36766	36766	0		
different	usr/lib/swift/watchsimulator/_StringProcessing.swiftmodule/arm64-apple-watchos-simulator.swiftdoc	56376	56376	0		
different	usr/lib/swift/watchsimulator/_StringProcessing.swiftmodule/arm64-apple-watchos-simulator.swiftinterface	23786	23786	0		
different	usr/lib/swift/watchsimulator/_StringProcessing.swiftmodule/arm64-apple-watchos-simulator.swiftmodule	486432	486432	0		
different	usr/lib/swift/watchsimulator/_StringProcessing.swiftmodule/arm64-apple-watchos-simulator.swiftsourceinfo	119488	119488	0		
different	usr/lib/swift/watchsimulator/_StringProcessing.swiftmodule/x86_64-apple-watchos-simulator.private.swiftinterface	36767	36767	0		
different	usr/lib/swift/watchsimulator/_StringProcessing.swiftmodule/x86_64-apple-watchos-simulator.swiftdoc	56380	56380	0		
different	usr/lib/swift/watchsimulator/_StringProcessing.swiftmodule/x86_64-apple-watchos-simulator.swiftinterface	23787	23787	0		
different	usr/lib/swift/watchsimulator/_StringProcessing.swiftmodule/x86_64-apple-watchos-simulator.swiftmodule	486436	486436	0		
different	usr/lib/swift/watchsimulator/_StringProcessing.swiftmodule/x86_64-apple-watchos-simulator.swiftsourceinfo	119492	119492	0		
different	usr/lib/swift/watchsimulator/_Volatile.swiftmodule/arm64-apple-watchos-simulator.private.swiftinterface	2750	2750	0		
different	usr/lib/swift/watchsimulator/_Volatile.swiftmodule/arm64-apple-watchos-simulator.swiftdoc	3760	3760	0		
different	usr/lib/swift/watchsimulator/_Volatile.swiftmodule/arm64-apple-watchos-simulator.swiftinterface	2750	2750	0		
different	usr/lib/swift/watchsimulator/_Volatile.swiftmodule/arm64-apple-watchos-simulator.swiftmodule	24984	24984	0		
different	usr/lib/swift/watchsimulator/_Volatile.swiftmodule/arm64-apple-watchos-simulator.swiftsourceinfo	4396	4396	0		
different	usr/lib/swift/watchsimulator/_Volatile.swiftmodule/x86_64-apple-watchos-simulator.private.swiftinterface	2751	2751	0		
different	usr/lib/swift/watchsimulator/_Volatile.swiftmodule/x86_64-apple-watchos-simulator.swiftdoc	3764	3764	0		
different	usr/lib/swift/watchsimulator/_Volatile.swiftmodule/x86_64-apple-watchos-simulator.swiftinterface	2751	2751	0		
different	usr/lib/swift/watchsimulator/_Volatile.swiftmodule/x86_64-apple-watchos-simulator.swiftmodule	24988	24988	0		
different	usr/lib/swift/watchsimulator/_Volatile.swiftmodule/x86_64-apple-watchos-simulator.swiftsourceinfo	4400	4400	0		
different	usr/lib/swift/watchsimulator/libswiftCxx.a	356544	356544	0		
different	usr/lib/swift/watchsimulator/libswiftCxxStdlib.a	471512	471512	0		
different	usr/lib/swift/xros/Cxx.swiftmodule/arm64-apple-xros.private.swiftinterface	33868	33868	0		
different	usr/lib/swift/xros/Cxx.swiftmodule/arm64-apple-xros.swiftdoc	13872	13872	0		
different	usr/lib/swift/xros/Cxx.swiftmodule/arm64-apple-xros.swiftinterface	33868	33868	0		
different	usr/lib/swift/xros/Cxx.swiftmodule/arm64-apple-xros.swiftsourceinfo	48428	48428	0		
different	usr/lib/swift/xros/Cxx.swiftmodule/arm64e-apple-xros.private.swiftinterface	33869	33869	0		
different	usr/lib/swift/xros/Cxx.swiftmodule/arm64e-apple-xros.swiftdoc	13872	13872	0		
different	usr/lib/swift/xros/Cxx.swiftmodule/arm64e-apple-xros.swiftinterface	33869	33869	0		
different	usr/lib/swift/xros/Cxx.swiftmodule/arm64e-apple-xros.swiftsourceinfo	48428	48428	0		
different	usr/lib/swift/xros/CxxStdlib.swiftmodule/arm64-apple-xros.private.swiftinterface	19619	19619	0		
different	usr/lib/swift/xros/CxxStdlib.swiftmodule/arm64-apple-xros.swiftdoc	7100	7100	0		
different	usr/lib/swift/xros/CxxStdlib.swiftmodule/arm64-apple-xros.swiftinterface	19619	19619	0		
different	usr/lib/swift/xros/CxxStdlib.swiftmodule/arm64-apple-xros.swiftsourceinfo	32612	32612	0		
different	usr/lib/swift/xros/CxxStdlib.swiftmodule/arm64e-apple-xros.private.swiftinterface	19620	19620	0		
different	usr/lib/swift/xros/CxxStdlib.swiftmodule/arm64e-apple-xros.swiftdoc	7100	7100	0		
different	usr/lib/swift/xros/CxxStdlib.swiftmodule/arm64e-apple-xros.swiftinterface	19620	19620	0		
different	usr/lib/swift/xros/CxxStdlib.swiftmodule/arm64e-apple-xros.swiftsourceinfo	32612	32612	0		
different	usr/lib/swift/xros/Distributed.swiftmodule/arm64-apple-xros.private.swiftinterface	23303	23303	0		
different	usr/lib/swift/xros/Distributed.swiftmodule/arm64-apple-xros.swiftdoc	78084	78084	0		
different	usr/lib/swift/xros/Distributed.swiftmodule/arm64-apple-xros.swiftinterface	23303	23303	0		
different	usr/lib/swift/xros/Distributed.swiftmodule/arm64-apple-xros.swiftmodule	88936	88936	0		
different	usr/lib/swift/xros/Distributed.swiftmodule/arm64-apple-xros.swiftsourceinfo	61556	61556	0		
different	usr/lib/swift/xros/Distributed.swiftmodule/arm64e-apple-xros.private.swiftinterface	23304	23304	0		
different	usr/lib/swift/xros/Distributed.swiftmodule/arm64e-apple-xros.swiftdoc	78084	78084	0		
different	usr/lib/swift/xros/Distributed.swiftmodule/arm64e-apple-xros.swiftinterface	23304	23304	0		
different	usr/lib/swift/xros/Distributed.swiftmodule/arm64e-apple-xros.swiftmodule	88936	88936	0		
different	usr/lib/swift/xros/Distributed.swiftmodule/arm64e-apple-xros.swiftsourceinfo	61556	61556	0		
different	usr/lib/swift/xros/Observation.swiftmodule/arm64-apple-xros.private.swiftinterface	11995	11995	0		
different	usr/lib/swift/xros/Observation.swiftmodule/arm64-apple-xros.swiftdoc	8504	8504	0		
different	usr/lib/swift/xros/Observation.swiftmodule/arm64-apple-xros.swiftinterface	10474	10474	0		
different	usr/lib/swift/xros/Observation.swiftmodule/arm64-apple-xros.swiftmodule	99920	99920	0		
different	usr/lib/swift/xros/Observation.swiftmodule/arm64-apple-xros.swiftsourceinfo	18220	18220	0		
different	usr/lib/swift/xros/Observation.swiftmodule/arm64e-apple-xros.private.swiftinterface	11996	11996	0		
different	usr/lib/swift/xros/Observation.swiftmodule/arm64e-apple-xros.swiftdoc	8504	8504	0		
different	usr/lib/swift/xros/Observation.swiftmodule/arm64e-apple-xros.swiftinterface	10475	10475	0		
different	usr/lib/swift/xros/Observation.swiftmodule/arm64e-apple-xros.swiftmodule	99920	99920	0		
different	usr/lib/swift/xros/Observation.swiftmodule/arm64e-apple-xros.swiftsourceinfo	18220	18220	0		
different	usr/lib/swift/xros/RegexBuilder.swiftmodule/arm64-apple-xros.private.swiftinterface	206076	206076	0		
different	usr/lib/swift/xros/RegexBuilder.swiftmodule/arm64-apple-xros.swiftdoc	265756	265756	0		
different	usr/lib/swift/xros/RegexBuilder.swiftmodule/arm64-apple-xros.swiftinterface	206056	206056	0		
different	usr/lib/swift/xros/RegexBuilder.swiftmodule/arm64-apple-xros.swiftmodule	1230664	1230664	0		
different	usr/lib/swift/xros/RegexBuilder.swiftmodule/arm64-apple-xros.swiftsourceinfo	359880	359880	0		
different	usr/lib/swift/xros/RegexBuilder.swiftmodule/arm64e-apple-xros.private.swiftinterface	206077	206077	0		
different	usr/lib/swift/xros/RegexBuilder.swiftmodule/arm64e-apple-xros.swiftdoc	265756	265756	0		
different	usr/lib/swift/xros/RegexBuilder.swiftmodule/arm64e-apple-xros.swiftinterface	206057	206057	0		
different	usr/lib/swift/xros/RegexBuilder.swiftmodule/arm64e-apple-xros.swiftmodule	1230664	1230664	0		
different	usr/lib/swift/xros/RegexBuilder.swiftmodule/arm64e-apple-xros.swiftsourceinfo	359880	359880	0		
different	usr/lib/swift/xros/Swift.swiftmodule/arm64-apple-xros.private.swiftinterface	2403028	2403028	0		
different	usr/lib/swift/xros/Swift.swiftmodule/arm64-apple-xros.swiftdoc	4372260	4372260	0		
different	usr/lib/swift/xros/Swift.swiftmodule/arm64-apple-xros.swiftinterface	2347614	2347614	0		
different	usr/lib/swift/xros/Swift.swiftmodule/arm64-apple-xros.swiftmodule	17045888	17045888	0		
different	usr/lib/swift/xros/Swift.swiftmodule/arm64-apple-xros.swiftsourceinfo	4046720	4046720	0		
different	usr/lib/swift/xros/Swift.swiftmodule/arm64e-apple-xros.private.swiftinterface	2403029	2403029	0		
different	usr/lib/swift/xros/Swift.swiftmodule/arm64e-apple-xros.swiftdoc	4372260	4372260	0		
different	usr/lib/swift/xros/Swift.swiftmodule/arm64e-apple-xros.swiftinterface	2347615	2347615	0		
different	usr/lib/swift/xros/Swift.swiftmodule/arm64e-apple-xros.swiftmodule	17046804	17046804	0		
different	usr/lib/swift/xros/Swift.swiftmodule/arm64e-apple-xros.swiftsourceinfo	4046720	4046720	0		
different	usr/lib/swift/xros/SwiftOnoneSupport.swiftmodule/arm64-apple-xros.private.swiftinterface	1074	1074	0		
different	usr/lib/swift/xros/SwiftOnoneSupport.swiftmodule/arm64-apple-xros.swiftdoc	424	424	0		
different	usr/lib/swift/xros/SwiftOnoneSupport.swiftmodule/arm64-apple-xros.swiftinterface	1074	1074	0		
different	usr/lib/swift/xros/SwiftOnoneSupport.swiftmodule/arm64-apple-xros.swiftmodule	247964	247964	0		
different	usr/lib/swift/xros/SwiftOnoneSupport.swiftmodule/arm64-apple-xros.swiftsourceinfo	3236	3236	0		
different	usr/lib/swift/xros/SwiftOnoneSupport.swiftmodule/arm64e-apple-xros.private.swiftinterface	1075	1075	0		
different	usr/lib/swift/xros/SwiftOnoneSupport.swiftmodule/arm64e-apple-xros.swiftdoc	424	424	0		
different	usr/lib/swift/xros/SwiftOnoneSupport.swiftmodule/arm64e-apple-xros.swiftinterface	1075	1075	0		
different	usr/lib/swift/xros/SwiftOnoneSupport.swiftmodule/arm64e-apple-xros.swiftmodule	247964	247964	0		
different	usr/lib/swift/xros/SwiftOnoneSupport.swiftmodule/arm64e-apple-xros.swiftsourceinfo	3236	3236	0		
different	usr/lib/swift/xros/Synchronization.swiftmodule/arm64-apple-xros.private.swiftinterface	242756	242756	0		
different	usr/lib/swift/xros/Synchronization.swiftmodule/arm64-apple-xros.swiftdoc	256224	256224	0		
different	usr/lib/swift/xros/Synchronization.swiftmodule/arm64-apple-xros.swiftinterface	242756	242756	0		
different	usr/lib/swift/xros/Synchronization.swiftmodule/arm64-apple-xros.swiftmodule	578368	578368	0		
different	usr/lib/swift/xros/Synchronization.swiftmodule/arm64-apple-xros.swiftsourceinfo	203568	203568	0		
different	usr/lib/swift/xros/Synchronization.swiftmodule/arm64e-apple-xros.private.swiftinterface	242757	242757	0		
different	usr/lib/swift/xros/Synchronization.swiftmodule/arm64e-apple-xros.swiftdoc	256224	256224	0		
different	usr/lib/swift/xros/Synchronization.swiftmodule/arm64e-apple-xros.swiftinterface	242757	242757	0		
different	usr/lib/swift/xros/Synchronization.swiftmodule/arm64e-apple-xros.swiftmodule	578368	578368	0		
different	usr/lib/swift/xros/Synchronization.swiftmodule/arm64e-apple-xros.swiftsourceinfo	203568	203568	0		
different	usr/lib/swift/xros/_Builtin_float.swiftmodule/arm64-apple-xros.private.swiftinterface	4226	4226	0		
different	usr/lib/swift/xros/_Builtin_float.swiftmodule/arm64-apple-xros.swiftdoc	420	420	0		
different	usr/lib/swift/xros/_Builtin_float.swiftmodule/arm64-apple-xros.swiftinterface	4226	4226	0		
different	usr/lib/swift/xros/_Builtin_float.swiftmodule/arm64-apple-xros.swiftmodule	23692	23692	0		
different	usr/lib/swift/xros/_Builtin_float.swiftmodule/arm64-apple-xros.swiftsourceinfo	2824	2824	0		
different	usr/lib/swift/xros/_Builtin_float.swiftmodule/arm64e-apple-xros.private.swiftinterface	4227	4227	0		
different	usr/lib/swift/xros/_Builtin_float.swiftmodule/arm64e-apple-xros.swiftdoc	420	420	0		
different	usr/lib/swift/xros/_Builtin_float.swiftmodule/arm64e-apple-xros.swiftinterface	4227	4227	0		
different	usr/lib/swift/xros/_Builtin_float.swiftmodule/arm64e-apple-xros.swiftmodule	23692	23692	0		
different	usr/lib/swift/xros/_Builtin_float.swiftmodule/arm64e-apple-xros.swiftsourceinfo	2824	2824	0		
different	usr/lib/swift/xros/_Concurrency.swiftmodule/arm64-apple-xros.private.swiftinterface	302489	302489	0		
different	usr/lib/swift/xros/_Concurrency.swiftmodule/arm64-apple-xros.swiftdoc	436364	436364	0		
different	usr/lib/swift/xros/_Concurrency.swiftmodule/arm64-apple-xros.swiftinterface	293656	293656	0		
different	usr/lib/swift/xros/_Concurrency.swiftmodule/arm64-apple-xros.swiftmodule	921036	921036	0		
different	usr/lib/swift/xros/_Concurrency.swiftmodule/arm64-apple-xros.swiftsourceinfo	427760	427760	0		
different	usr/lib/swift/xros/_Concurrency.swiftmodule/arm64e-apple-xros.private.swiftinterface	302490	302490	0		
different	usr/lib/swift/xros/_Concurrency.swiftmodule/arm64e-apple-xros.swiftdoc	436364	436364	0		
different	usr/lib/swift/xros/_Concurrency.swiftmodule/arm64e-apple-xros.swiftinterface	293657	293657	0		
different	usr/lib/swift/xros/_Concurrency.swiftmodule/arm64e-apple-xros.swiftmodule	921036	921036	0		
different	usr/lib/swift/xros/_Concurrency.swiftmodule/arm64e-apple-xros.swiftsourceinfo	427760	427760	0		
different	usr/lib/swift/xros/_Differentiation.swiftmodule/arm64-apple-xros.private.swiftinterface	136643	136643	0		
different	usr/lib/swift/xros/_Differentiation.swiftmodule/arm64-apple-xros.swiftdoc	7800	7800	0		
different	usr/lib/swift/xros/_Differentiation.swiftmodule/arm64-apple-xros.swiftinterface	136643	136643	0		
different	usr/lib/swift/xros/_Differentiation.swiftmodule/arm64-apple-xros.swiftmodule	1208044	1208044	0		
different	usr/lib/swift/xros/_Differentiation.swiftmodule/arm64-apple-xros.swiftsourceinfo	116064	116064	0		
different	usr/lib/swift/xros/_Differentiation.swiftmodule/arm64e-apple-xros.private.swiftinterface	136644	136644	0		
different	usr/lib/swift/xros/_Differentiation.swiftmodule/arm64e-apple-xros.swiftdoc	7800	7800	0		
different	usr/lib/swift/xros/_Differentiation.swiftmodule/arm64e-apple-xros.swiftinterface	136644	136644	0		
different	usr/lib/swift/xros/_Differentiation.swiftmodule/arm64e-apple-xros.swiftmodule	1208044	1208044	0		
different	usr/lib/swift/xros/_Differentiation.swiftmodule/arm64e-apple-xros.swiftsourceinfo	116064	116064	0		
different	usr/lib/swift/xros/_RegexParser.swiftmodule/arm64-apple-xros.private.swiftinterface	90813	90813	0		
different	usr/lib/swift/xros/_RegexParser.swiftmodule/arm64-apple-xros.swiftdoc	104796	104796	0		
different	usr/lib/swift/xros/_RegexParser.swiftmodule/arm64-apple-xros.swiftinterface	89832	89832	0		
different	usr/lib/swift/xros/_RegexParser.swiftmodule/arm64-apple-xros.swiftmodule	413852	413852	0		
different	usr/lib/swift/xros/_RegexParser.swiftmodule/arm64-apple-xros.swiftsourceinfo	311700	311700	0		
different	usr/lib/swift/xros/_RegexParser.swiftmodule/arm64e-apple-xros.private.swiftinterface	90814	90814	0		
different	usr/lib/swift/xros/_RegexParser.swiftmodule/arm64e-apple-xros.swiftdoc	104796	104796	0		
different	usr/lib/swift/xros/_RegexParser.swiftmodule/arm64e-apple-xros.swiftinterface	89833	89833	0		
different	usr/lib/swift/xros/_RegexParser.swiftmodule/arm64e-apple-xros.swiftmodule	413852	413852	0		
different	usr/lib/swift/xros/_RegexParser.swiftmodule/arm64e-apple-xros.swiftsourceinfo	311700	311700	0		
different	usr/lib/swift/xros/_StringProcessing.swiftmodule/arm64-apple-xros.private.swiftinterface	36753	36753	0		
different	usr/lib/swift/xros/_StringProcessing.swiftmodule/arm64-apple-xros.swiftdoc	56364	56364	0		
different	usr/lib/swift/xros/_StringProcessing.swiftmodule/arm64-apple-xros.swiftinterface	23773	23773	0		
different	usr/lib/swift/xros/_StringProcessing.swiftmodule/arm64-apple-xros.swiftmodule	486408	486408	0		
different	usr/lib/swift/xros/_StringProcessing.swiftmodule/arm64-apple-xros.swiftsourceinfo	119476	119476	0		
different	usr/lib/swift/xros/_StringProcessing.swiftmodule/arm64e-apple-xros.private.swiftinterface	36754	36754	0		
different	usr/lib/swift/xros/_StringProcessing.swiftmodule/arm64e-apple-xros.swiftdoc	56364	56364	0		
different	usr/lib/swift/xros/_StringProcessing.swiftmodule/arm64e-apple-xros.swiftinterface	23774	23774	0		
different	usr/lib/swift/xros/_StringProcessing.swiftmodule/arm64e-apple-xros.swiftmodule	486408	486408	0		
different	usr/lib/swift/xros/_StringProcessing.swiftmodule/arm64e-apple-xros.swiftsourceinfo	119476	119476	0		
different	usr/lib/swift/xros/_Volatile.swiftmodule/arm64-apple-xros.private.swiftinterface	2737	2737	0		
different	usr/lib/swift/xros/_Volatile.swiftmodule/arm64-apple-xros.swiftdoc	3748	3748	0		
different	usr/lib/swift/xros/_Volatile.swiftmodule/arm64-apple-xros.swiftinterface	2737	2737	0		
different	usr/lib/swift/xros/_Volatile.swiftmodule/arm64-apple-xros.swiftmodule	24960	24960	0		
different	usr/lib/swift/xros/_Volatile.swiftmodule/arm64-apple-xros.swiftsourceinfo	4384	4384	0		
different	usr/lib/swift/xros/_Volatile.swiftmodule/arm64e-apple-xros.private.swiftinterface	2738	2738	0		
different	usr/lib/swift/xros/_Volatile.swiftmodule/arm64e-apple-xros.swiftdoc	3748	3748	0		
different	usr/lib/swift/xros/_Volatile.swiftmodule/arm64e-apple-xros.swiftinterface	2738	2738	0		
different	usr/lib/swift/xros/_Volatile.swiftmodule/arm64e-apple-xros.swiftmodule	24960	24960	0		
different	usr/lib/swift/xros/_Volatile.swiftmodule/arm64e-apple-xros.swiftsourceinfo	4384	4384	0		
different	usr/lib/swift/xros/libswiftCxx.a	387560	387560	0		
different	usr/lib/swift/xros/libswiftCxxStdlib.a	489608	489608	0		
different	usr/lib/swift/xrsimulator/Cxx.swiftmodule/arm64-apple-xros-simulator.private.swiftinterface	33878	33878	0		
different	usr/lib/swift/xrsimulator/Cxx.swiftmodule/arm64-apple-xros-simulator.swiftdoc	13884	13884	0		
different	usr/lib/swift/xrsimulator/Cxx.swiftmodule/arm64-apple-xros-simulator.swiftinterface	33878	33878	0		
different	usr/lib/swift/xrsimulator/Cxx.swiftmodule/arm64-apple-xros-simulator.swiftsourceinfo	48440	48440	0		
different	usr/lib/swift/xrsimulator/CxxStdlib.swiftmodule/arm64-apple-xros-simulator.private.swiftinterface	19629	19629	0		
different	usr/lib/swift/xrsimulator/CxxStdlib.swiftmodule/arm64-apple-xros-simulator.swiftdoc	7112	7112	0		
different	usr/lib/swift/xrsimulator/CxxStdlib.swiftmodule/arm64-apple-xros-simulator.swiftinterface	19629	19629	0		
different	usr/lib/swift/xrsimulator/CxxStdlib.swiftmodule/arm64-apple-xros-simulator.swiftsourceinfo	32624	32624	0		
different	usr/lib/swift/xrsimulator/Distributed.swiftmodule/arm64-apple-xros-simulator.private.swiftinterface	23313	23313	0		
different	usr/lib/swift/xrsimulator/Distributed.swiftmodule/arm64-apple-xros-simulator.swiftdoc	78096	78096	0		
different	usr/lib/swift/xrsimulator/Distributed.swiftmodule/arm64-apple-xros-simulator.swiftinterface	23313	23313	0		
different	usr/lib/swift/xrsimulator/Distributed.swiftmodule/arm64-apple-xros-simulator.swiftmodule	88956	88956	0		
different	usr/lib/swift/xrsimulator/Distributed.swiftmodule/arm64-apple-xros-simulator.swiftsourceinfo	61568	61568	0		
different	usr/lib/swift/xrsimulator/Observation.swiftmodule/arm64-apple-xros-simulator.private.swiftinterface	12005	12005	0		
different	usr/lib/swift/xrsimulator/Observation.swiftmodule/arm64-apple-xros-simulator.swiftdoc	8516	8516	0		
different	usr/lib/swift/xrsimulator/Observation.swiftmodule/arm64-apple-xros-simulator.swiftinterface	10484	10484	0		
different	usr/lib/swift/xrsimulator/Observation.swiftmodule/arm64-apple-xros-simulator.swiftmodule	99940	99940	0		
different	usr/lib/swift/xrsimulator/Observation.swiftmodule/arm64-apple-xros-simulator.swiftsourceinfo	18232	18232	0		
different	usr/lib/swift/xrsimulator/RegexBuilder.swiftmodule/arm64-apple-xros-simulator.private.swiftinterface	206086	206086	0		
different	usr/lib/swift/xrsimulator/RegexBuilder.swiftmodule/arm64-apple-xros-simulator.swiftdoc	265768	265768	0		
different	usr/lib/swift/xrsimulator/RegexBuilder.swiftmodule/arm64-apple-xros-simulator.swiftinterface	206066	206066	0		
different	usr/lib/swift/xrsimulator/RegexBuilder.swiftmodule/arm64-apple-xros-simulator.swiftmodule	1230684	1230684	0		
different	usr/lib/swift/xrsimulator/RegexBuilder.swiftmodule/arm64-apple-xros-simulator.swiftsourceinfo	359892	359892	0		
different	usr/lib/swift/xrsimulator/Swift.swiftmodule/arm64-apple-xros-simulator.private.swiftinterface	2403038	2403038	0		
different	usr/lib/swift/xrsimulator/Swift.swiftmodule/arm64-apple-xros-simulator.swiftdoc	4372272	4372272	0		
different	usr/lib/swift/xrsimulator/Swift.swiftmodule/arm64-apple-xros-simulator.swiftinterface	2347624	2347624	0		
different	usr/lib/swift/xrsimulator/Swift.swiftmodule/arm64-apple-xros-simulator.swiftmodule	17045908	17045908	0		
different	usr/lib/swift/xrsimulator/Swift.swiftmodule/arm64-apple-xros-simulator.swiftsourceinfo	4046732	4046732	0		
different	usr/lib/swift/xrsimulator/SwiftOnoneSupport.swiftmodule/arm64-apple-xros-simulator.private.swiftinterface	1084	1084	0		
different	usr/lib/swift/xrsimulator/SwiftOnoneSupport.swiftmodule/arm64-apple-xros-simulator.swiftdoc	436	436	0		
different	usr/lib/swift/xrsimulator/SwiftOnoneSupport.swiftmodule/arm64-apple-xros-simulator.swiftinterface	1084	1084	0		
different	usr/lib/swift/xrsimulator/SwiftOnoneSupport.swiftmodule/arm64-apple-xros-simulator.swiftmodule	247984	247984	0		
different	usr/lib/swift/xrsimulator/SwiftOnoneSupport.swiftmodule/arm64-apple-xros-simulator.swiftsourceinfo	3248	3248	0		
different	usr/lib/swift/xrsimulator/Synchronization.swiftmodule/arm64-apple-xros-simulator.private.swiftinterface	242766	242766	0		
different	usr/lib/swift/xrsimulator/Synchronization.swiftmodule/arm64-apple-xros-simulator.swiftdoc	256236	256236	0		
different	usr/lib/swift/xrsimulator/Synchronization.swiftmodule/arm64-apple-xros-simulator.swiftinterface	242766	242766	0		
different	usr/lib/swift/xrsimulator/Synchronization.swiftmodule/arm64-apple-xros-simulator.swiftmodule	578388	578388	0		
different	usr/lib/swift/xrsimulator/Synchronization.swiftmodule/arm64-apple-xros-simulator.swiftsourceinfo	203580	203580	0		
different	usr/lib/swift/xrsimulator/_Builtin_float.swiftmodule/arm64-apple-xros-simulator.private.swiftinterface	4236	4236	0		
different	usr/lib/swift/xrsimulator/_Builtin_float.swiftmodule/arm64-apple-xros-simulator.swiftdoc	432	432	0		
different	usr/lib/swift/xrsimulator/_Builtin_float.swiftmodule/arm64-apple-xros-simulator.swiftinterface	4236	4236	0		
different	usr/lib/swift/xrsimulator/_Builtin_float.swiftmodule/arm64-apple-xros-simulator.swiftmodule	23712	23712	0		
different	usr/lib/swift/xrsimulator/_Builtin_float.swiftmodule/arm64-apple-xros-simulator.swiftsourceinfo	2836	2836	0		
different	usr/lib/swift/xrsimulator/_Concurrency.swiftmodule/arm64-apple-xros-simulator.private.swiftinterface	302499	302499	0		
different	usr/lib/swift/xrsimulator/_Concurrency.swiftmodule/arm64-apple-xros-simulator.swiftdoc	436376	436376	0		
different	usr/lib/swift/xrsimulator/_Concurrency.swiftmodule/arm64-apple-xros-simulator.swiftinterface	293666	293666	0		
different	usr/lib/swift/xrsimulator/_Concurrency.swiftmodule/arm64-apple-xros-simulator.swiftmodule	921056	921056	0		
different	usr/lib/swift/xrsimulator/_Concurrency.swiftmodule/arm64-apple-xros-simulator.swiftsourceinfo	427772	427772	0		
different	usr/lib/swift/xrsimulator/_Differentiation.swiftmodule/arm64-apple-xros-simulator.private.swiftinterface	136653	136653	0		
different	usr/lib/swift/xrsimulator/_Differentiation.swiftmodule/arm64-apple-xros-simulator.swiftdoc	7812	7812	0		
different	usr/lib/swift/xrsimulator/_Differentiation.swiftmodule/arm64-apple-xros-simulator.swiftinterface	136653	136653	0		
different	usr/lib/swift/xrsimulator/_Differentiation.swiftmodule/arm64-apple-xros-simulator.swiftmodule	1208064	1208064	0		
different	usr/lib/swift/xrsimulator/_Differentiation.swiftmodule/arm64-apple-xros-simulator.swiftsourceinfo	116076	116076	0		
different	usr/lib/swift/xrsimulator/_RegexParser.swiftmodule/arm64-apple-xros-simulator.private.swiftinterface	90823	90823	0		
different	usr/lib/swift/xrsimulator/_RegexParser.swiftmodule/arm64-apple-xros-simulator.swiftdoc	104808	104808	0		
different	usr/lib/swift/xrsimulator/_RegexParser.swiftmodule/arm64-apple-xros-simulator.swiftinterface	89842	89842	0		
different	usr/lib/swift/xrsimulator/_RegexParser.swiftmodule/arm64-apple-xros-simulator.swiftmodule	413872	413872	0		
different	usr/lib/swift/xrsimulator/_RegexParser.swiftmodule/arm64-apple-xros-simulator.swiftsourceinfo	311712	311712	0		
different	usr/lib/swift/xrsimulator/_StringProcessing.swiftmodule/arm64-apple-xros-simulator.private.swiftinterface	36763	36763	0		
different	usr/lib/swift/xrsimulator/_StringProcessing.swiftmodule/arm64-apple-xros-simulator.swiftdoc	56376	56376	0		
different	usr/lib/swift/xrsimulator/_StringProcessing.swiftmodule/arm64-apple-xros-simulator.swiftinterface	23783	23783	0		
different	usr/lib/swift/xrsimulator/_StringProcessing.swiftmodule/arm64-apple-xros-simulator.swiftmodule	486428	486428	0		
different	usr/lib/swift/xrsimulator/_StringProcessing.swiftmodule/arm64-apple-xros-simulator.swiftsourceinfo	119488	119488	0		
different	usr/lib/swift/xrsimulator/_Volatile.swiftmodule/arm64-apple-xros-simulator.private.swiftinterface	2747	2747	0		
different	usr/lib/swift/xrsimulator/_Volatile.swiftmodule/arm64-apple-xros-simulator.swiftdoc	3760	3760	0		
different	usr/lib/swift/xrsimulator/_Volatile.swiftmodule/arm64-apple-xros-simulator.swiftinterface	2747	2747	0		
different	usr/lib/swift/xrsimulator/_Volatile.swiftmodule/arm64-apple-xros-simulator.swiftmodule	24980	24980	0		
different	usr/lib/swift/xrsimulator/_Volatile.swiftmodule/arm64-apple-xros-simulator.swiftsourceinfo	4396	4396	0		
different	usr/lib/swift/xrsimulator/libswiftCxx.a	182712	182712	0		
different	usr/lib/swift/xrsimulator/libswiftCxxStdlib.a	240352	240352	0		
different	usr/lib/swift_static/appletvos/Cxx.swiftmodule/arm64-apple-tvos.private.swiftinterface	33868	33868	0		
different	usr/lib/swift_static/appletvos/Cxx.swiftmodule/arm64-apple-tvos.swiftdoc	13872	13872	0		
different	usr/lib/swift_static/appletvos/Cxx.swiftmodule/arm64-apple-tvos.swiftinterface	33868	33868	0		
different	usr/lib/swift_static/appletvos/Cxx.swiftmodule/arm64-apple-tvos.swiftsourceinfo	48428	48428	0		
different	usr/lib/swift_static/appletvos/CxxStdlib.swiftmodule/arm64-apple-tvos.private.swiftinterface	19619	19619	0		
different	usr/lib/swift_static/appletvos/CxxStdlib.swiftmodule/arm64-apple-tvos.swiftdoc	7100	7100	0		
different	usr/lib/swift_static/appletvos/CxxStdlib.swiftmodule/arm64-apple-tvos.swiftinterface	19619	19619	0		
different	usr/lib/swift_static/appletvos/CxxStdlib.swiftmodule/arm64-apple-tvos.swiftsourceinfo	32612	32612	0		
different	usr/lib/swift_static/appletvsimulator/Cxx.swiftmodule/arm64-apple-tvos-simulator.private.swiftinterface	33878	33878	0		
different	usr/lib/swift_static/appletvsimulator/Cxx.swiftmodule/arm64-apple-tvos-simulator.swiftdoc	13884	13884	0		
different	usr/lib/swift_static/appletvsimulator/Cxx.swiftmodule/arm64-apple-tvos-simulator.swiftinterface	33878	33878	0		
different	usr/lib/swift_static/appletvsimulator/Cxx.swiftmodule/arm64-apple-tvos-simulator.swiftsourceinfo	48440	48440	0		
different	usr/lib/swift_static/appletvsimulator/Cxx.swiftmodule/x86_64-apple-tvos-simulator.private.swiftinterface	33879	33879	0		
different	usr/lib/swift_static/appletvsimulator/Cxx.swiftmodule/x86_64-apple-tvos-simulator.swiftdoc	13884	13884	0		
different	usr/lib/swift_static/appletvsimulator/Cxx.swiftmodule/x86_64-apple-tvos-simulator.swiftinterface	33879	33879	0		
different	usr/lib/swift_static/appletvsimulator/Cxx.swiftmodule/x86_64-apple-tvos-simulator.swiftsourceinfo	48440	48440	0		
different	usr/lib/swift_static/appletvsimulator/CxxStdlib.swiftmodule/arm64-apple-tvos-simulator.private.swiftinterface	19629	19629	0		
different	usr/lib/swift_static/appletvsimulator/CxxStdlib.swiftmodule/arm64-apple-tvos-simulator.swiftdoc	7112	7112	0		
different	usr/lib/swift_static/appletvsimulator/CxxStdlib.swiftmodule/arm64-apple-tvos-simulator.swiftinterface	19629	19629	0		
different	usr/lib/swift_static/appletvsimulator/CxxStdlib.swiftmodule/arm64-apple-tvos-simulator.swiftsourceinfo	32624	32624	0		
different	usr/lib/swift_static/appletvsimulator/CxxStdlib.swiftmodule/x86_64-apple-tvos-simulator.private.swiftinterface	19630	19630	0		
different	usr/lib/swift_static/appletvsimulator/CxxStdlib.swiftmodule/x86_64-apple-tvos-simulator.swiftdoc	7112	7112	0		
different	usr/lib/swift_static/appletvsimulator/CxxStdlib.swiftmodule/x86_64-apple-tvos-simulator.swiftinterface	19630	19630	0		
different	usr/lib/swift_static/appletvsimulator/CxxStdlib.swiftmodule/x86_64-apple-tvos-simulator.swiftsourceinfo	32624	32624	0		
different	usr/lib/swift_static/embedded/EmbeddedPlatformPOSIX.swiftmodule/aarch64-none-none-elf.swiftdoc	432	432	0		
different	usr/lib/swift_static/embedded/EmbeddedPlatformPOSIX.swiftmodule/aarch64-none-none-elf.swiftmodule	97344	97344	0		
different	usr/lib/swift_static/embedded/EmbeddedPlatformPOSIX.swiftmodule/aarch64-none-none-elf.swiftsourceinfo	1608	1608	0		
different	usr/lib/swift_static/embedded/EmbeddedPlatformPOSIX.swiftmodule/arm64-apple-ios.swiftdoc	428	428	0		
different	usr/lib/swift_static/embedded/EmbeddedPlatformPOSIX.swiftmodule/arm64-apple-ios.swiftmodule	97340	97340	0		
different	usr/lib/swift_static/embedded/EmbeddedPlatformPOSIX.swiftmodule/arm64-apple-ios.swiftsourceinfo	1604	1604	0		
different	usr/lib/swift_static/embedded/EmbeddedPlatformPOSIX.swiftmodule/arm64-apple-macos.swiftdoc	428	428	0		
different	usr/lib/swift_static/embedded/EmbeddedPlatformPOSIX.swiftmodule/arm64-apple-macos.swiftmodule	97340	97340	0		
different	usr/lib/swift_static/embedded/EmbeddedPlatformPOSIX.swiftmodule/arm64-apple-macos.swiftsourceinfo	1604	1604	0		
different	usr/lib/swift_static/embedded/EmbeddedPlatformPOSIX.swiftmodule/arm64-apple-none-macho.swiftdoc	432	432	0		
different	usr/lib/swift_static/embedded/EmbeddedPlatformPOSIX.swiftmodule/arm64-apple-none-macho.swiftmodule	97344	97344	0		
different	usr/lib/swift_static/embedded/EmbeddedPlatformPOSIX.swiftmodule/arm64-apple-none-macho.swiftsourceinfo	1608	1608	0		
different	usr/lib/swift_static/embedded/EmbeddedPlatformPOSIX.swiftmodule/arm64e-apple-ios.swiftdoc	428	428	0		
different	usr/lib/swift_static/embedded/EmbeddedPlatformPOSIX.swiftmodule/arm64e-apple-ios.swiftmodule	97340	97340	0		
different	usr/lib/swift_static/embedded/EmbeddedPlatformPOSIX.swiftmodule/arm64e-apple-ios.swiftsourceinfo	1604	1604	0		
different	usr/lib/swift_static/embedded/EmbeddedPlatformPOSIX.swiftmodule/arm64e-apple-macos.swiftdoc	428	428	0		
different	usr/lib/swift_static/embedded/EmbeddedPlatformPOSIX.swiftmodule/arm64e-apple-macos.swiftmodule	97340	97340	0		
different	usr/lib/swift_static/embedded/EmbeddedPlatformPOSIX.swiftmodule/arm64e-apple-macos.swiftsourceinfo	1604	1604	0		
different	usr/lib/swift_static/embedded/EmbeddedPlatformPOSIX.swiftmodule/arm64e-apple-none-macho.swiftdoc	432	432	0		
different	usr/lib/swift_static/embedded/EmbeddedPlatformPOSIX.swiftmodule/arm64e-apple-none-macho.swiftmodule	97344	97344	0		
different	usr/lib/swift_static/embedded/EmbeddedPlatformPOSIX.swiftmodule/arm64e-apple-none-macho.swiftsourceinfo	1608	1608	0		
different	usr/lib/swift_static/embedded/EmbeddedPlatformPOSIX.swiftmodule/armv4t-none-none-eabi.swiftdoc	432	432	0		
different	usr/lib/swift_static/embedded/EmbeddedPlatformPOSIX.swiftmodule/armv4t-none-none-eabi.swiftmodule	94560	94560	0		
different	usr/lib/swift_static/embedded/EmbeddedPlatformPOSIX.swiftmodule/armv4t-none-none-eabi.swiftsourceinfo	1608	1608	0		
different	usr/lib/swift_static/embedded/EmbeddedPlatformPOSIX.swiftmodule/armv6-apple-none-macho.swiftdoc	432	432	0		
different	usr/lib/swift_static/embedded/EmbeddedPlatformPOSIX.swiftmodule/armv6-apple-none-macho.swiftmodule	94560	94560	0		
different	usr/lib/swift_static/embedded/EmbeddedPlatformPOSIX.swiftmodule/armv6-apple-none-macho.swiftsourceinfo	1608	1608	0		
different	usr/lib/swift_static/embedded/EmbeddedPlatformPOSIX.swiftmodule/armv6-none-none-eabi.swiftdoc	428	428	0		
different	usr/lib/swift_static/embedded/EmbeddedPlatformPOSIX.swiftmodule/armv6-none-none-eabi.swiftmodule	94556	94556	0		
different	usr/lib/swift_static/embedded/EmbeddedPlatformPOSIX.swiftmodule/armv6-none-none-eabi.swiftsourceinfo	1604	1604	0		
different	usr/lib/swift_static/embedded/EmbeddedPlatformPOSIX.swiftmodule/armv6m-apple-none-macho.swiftdoc	432	432	0		
different	usr/lib/swift_static/embedded/EmbeddedPlatformPOSIX.swiftmodule/armv6m-apple-none-macho.swiftmodule	94560	94560	0		
different	usr/lib/swift_static/embedded/EmbeddedPlatformPOSIX.swiftmodule/armv6m-apple-none-macho.swiftsourceinfo	1608	1608	0		
different	usr/lib/swift_static/embedded/EmbeddedPlatformPOSIX.swiftmodule/armv6m-none-none-eabi.swiftdoc	432	432	0		
different	usr/lib/swift_static/embedded/EmbeddedPlatformPOSIX.swiftmodule/armv6m-none-none-eabi.swiftmodule	94560	94560	0		
different	usr/lib/swift_static/embedded/EmbeddedPlatformPOSIX.swiftmodule/armv6m-none-none-eabi.swiftsourceinfo	1608	1608	0		
different	usr/lib/swift_static/embedded/EmbeddedPlatformPOSIX.swiftmodule/armv7-apple-none-macho.swiftdoc	432	432	0		
different	usr/lib/swift_static/embedded/EmbeddedPlatformPOSIX.swiftmodule/armv7-apple-none-macho.swiftmodule	94560	94560	0		
different	usr/lib/swift_static/embedded/EmbeddedPlatformPOSIX.swiftmodule/armv7-apple-none-macho.swiftsourceinfo	1608	1608	0		
different	usr/lib/swift_static/embedded/EmbeddedPlatformPOSIX.swiftmodule/armv7-none-none-eabi.swiftdoc	428	428	0		
different	usr/lib/swift_static/embedded/EmbeddedPlatformPOSIX.swiftmodule/armv7-none-none-eabi.swiftmodule	94556	94556	0		
different	usr/lib/swift_static/embedded/EmbeddedPlatformPOSIX.swiftmodule/armv7-none-none-eabi.swiftsourceinfo	1604	1604	0		
different	usr/lib/swift_static/embedded/EmbeddedPlatformPOSIX.swiftmodule/armv7em-apple-none-macho.swiftdoc	432	432	0		
different	usr/lib/swift_static/embedded/EmbeddedPlatformPOSIX.swiftmodule/armv7em-apple-none-macho.swiftmodule	94560	94560	0		
different	usr/lib/swift_static/embedded/EmbeddedPlatformPOSIX.swiftmodule/armv7em-apple-none-macho.swiftsourceinfo	1608	1608	0		
different	usr/lib/swift_static/embedded/EmbeddedPlatformPOSIX.swiftmodule/armv7em-none-none-eabi.swiftdoc	432	432	0		
different	usr/lib/swift_static/embedded/EmbeddedPlatformPOSIX.swiftmodule/armv7em-none-none-eabi.swiftmodule	94560	94560	0		
different	usr/lib/swift_static/embedded/EmbeddedPlatformPOSIX.swiftmodule/armv7em-none-none-eabi.swiftsourceinfo	1608	1608	0		
different	usr/lib/swift_static/embedded/EmbeddedPlatformPOSIX.swiftmodule/armv7m-apple-none-macho.swiftdoc	432	432	0		
different	usr/lib/swift_static/embedded/EmbeddedPlatformPOSIX.swiftmodule/armv7m-apple-none-macho.swiftmodule	94560	94560	0		
different	usr/lib/swift_static/embedded/EmbeddedPlatformPOSIX.swiftmodule/armv7m-apple-none-macho.swiftsourceinfo	1608	1608	0		
different	usr/lib/swift_static/embedded/EmbeddedPlatformPOSIX.swiftmodule/i686-unknown-none-elf.swiftdoc	432	432	0		
different	usr/lib/swift_static/embedded/EmbeddedPlatformPOSIX.swiftmodule/i686-unknown-none-elf.swiftmodule	94560	94560	0		
different	usr/lib/swift_static/embedded/EmbeddedPlatformPOSIX.swiftmodule/i686-unknown-none-elf.swiftsourceinfo	1608	1608	0		
different	usr/lib/swift_static/embedded/EmbeddedPlatformPOSIX.swiftmodule/riscv32-none-none-eabi.swiftdoc	432	432	0		
different	usr/lib/swift_static/embedded/EmbeddedPlatformPOSIX.swiftmodule/riscv32-none-none-eabi.swiftmodule	94560	94560	0		
different	usr/lib/swift_static/embedded/EmbeddedPlatformPOSIX.swiftmodule/riscv32-none-none-eabi.swiftsourceinfo	1608	1608	0		
different	usr/lib/swift_static/embedded/EmbeddedPlatformPOSIX.swiftmodule/riscv64-none-none-eabi.swiftdoc	432	432	0		
different	usr/lib/swift_static/embedded/EmbeddedPlatformPOSIX.swiftmodule/riscv64-none-none-eabi.swiftmodule	97344	97344	0		
different	usr/lib/swift_static/embedded/EmbeddedPlatformPOSIX.swiftmodule/riscv64-none-none-eabi.swiftsourceinfo	1608	1608	0		
different	usr/lib/swift_static/embedded/EmbeddedPlatformPOSIX.swiftmodule/wasm32-unknown-none-wasm.swiftdoc	432	432	0		
different	usr/lib/swift_static/embedded/EmbeddedPlatformPOSIX.swiftmodule/wasm32-unknown-none-wasm.swiftmodule	94560	94560	0		
different	usr/lib/swift_static/embedded/EmbeddedPlatformPOSIX.swiftmodule/wasm32-unknown-none-wasm.swiftsourceinfo	1608	1608	0		
different	usr/lib/swift_static/embedded/EmbeddedPlatformPOSIX.swiftmodule/wasm64-unknown-none-wasm.swiftdoc	432	432	0		
different	usr/lib/swift_static/embedded/EmbeddedPlatformPOSIX.swiftmodule/wasm64-unknown-none-wasm.swiftmodule	97344	97344	0		
different	usr/lib/swift_static/embedded/EmbeddedPlatformPOSIX.swiftmodule/wasm64-unknown-none-wasm.swiftsourceinfo	1608	1608	0		
different	usr/lib/swift_static/embedded/EmbeddedPlatformPOSIX.swiftmodule/x86_64-apple-macos.swiftdoc	428	428	0		
different	usr/lib/swift_static/embedded/EmbeddedPlatformPOSIX.swiftmodule/x86_64-apple-macos.swiftmodule	97340	97340	0		
different	usr/lib/swift_static/embedded/EmbeddedPlatformPOSIX.swiftmodule/x86_64-apple-macos.swiftsourceinfo	1604	1604	0		
different	usr/lib/swift_static/embedded/EmbeddedPlatformPOSIX.swiftmodule/x86_64-unknown-none-elf.swiftdoc	432	432	0		
different	usr/lib/swift_static/embedded/EmbeddedPlatformPOSIX.swiftmodule/x86_64-unknown-none-elf.swiftmodule	97344	97344	0		
different	usr/lib/swift_static/embedded/EmbeddedPlatformPOSIX.swiftmodule/x86_64-unknown-none-elf.swiftsourceinfo	1608	1608	0		
different	usr/lib/swift_static/embedded/_Concurrency.swiftmodule/arm64-apple-ios.swiftdoc	420824	420824	0		
different	usr/lib/swift_static/embedded/_Concurrency.swiftmodule/arm64-apple-ios.swiftmodule	1492928	1492928	0		
different	usr/lib/swift_static/embedded/_Concurrency.swiftmodule/arm64-apple-ios.swiftsourceinfo	410592	410592	0		
different	usr/lib/swift_static/embedded/_Concurrency.swiftmodule/arm64-apple-macos.swiftdoc	420824	420824	0		
different	usr/lib/swift_static/embedded/_Concurrency.swiftmodule/arm64-apple-macos.swiftmodule	1492396	1492396	0		
different	usr/lib/swift_static/embedded/_Concurrency.swiftmodule/arm64-apple-macos.swiftsourceinfo	410592	410592	0		
different	usr/lib/swift_static/embedded/_Concurrency.swiftmodule/arm64-apple-none-macho.swiftdoc	420828	420828	0		
different	usr/lib/swift_static/embedded/_Concurrency.swiftmodule/arm64-apple-none-macho.swiftmodule	1491932	1491932	0		
different	usr/lib/swift_static/embedded/_Concurrency.swiftmodule/arm64-apple-none-macho.swiftsourceinfo	410596	410596	0		
different	usr/lib/swift_static/embedded/_Concurrency.swiftmodule/arm64e-apple-ios.swiftdoc	420824	420824	0		
different	usr/lib/swift_static/embedded/_Concurrency.swiftmodule/arm64e-apple-ios.swiftmodule	1492928	1492928	0		
different	usr/lib/swift_static/embedded/_Concurrency.swiftmodule/arm64e-apple-ios.swiftsourceinfo	410592	410592	0		
different	usr/lib/swift_static/embedded/_Concurrency.swiftmodule/arm64e-apple-macos.swiftdoc	420824	420824	0		
different	usr/lib/swift_static/embedded/_Concurrency.swiftmodule/arm64e-apple-macos.swiftmodule	1492396	1492396	0		
different	usr/lib/swift_static/embedded/_Concurrency.swiftmodule/arm64e-apple-macos.swiftsourceinfo	410592	410592	0		
different	usr/lib/swift_static/embedded/_Concurrency.swiftmodule/arm64e-apple-none-macho.swiftdoc	420828	420828	0		
different	usr/lib/swift_static/embedded/_Concurrency.swiftmodule/arm64e-apple-none-macho.swiftmodule	1491932	1491932	0		
different	usr/lib/swift_static/embedded/_Concurrency.swiftmodule/arm64e-apple-none-macho.swiftsourceinfo	410596	410596	0		
different	usr/lib/swift_static/embedded/_Concurrency.swiftmodule/armv7-apple-none-macho.swiftdoc	420828	420828	0		
different	usr/lib/swift_static/embedded/_Concurrency.swiftmodule/armv7-apple-none-macho.swiftmodule	1479928	1479928	0		
different	usr/lib/swift_static/embedded/_Concurrency.swiftmodule/armv7-apple-none-macho.swiftsourceinfo	410596	410596	0		
different	usr/lib/swift_static/embedded/_Concurrency.swiftmodule/armv7-none-none-eabi.swiftdoc	420824	420824	0		
different	usr/lib/swift_static/embedded/_Concurrency.swiftmodule/armv7-none-none-eabi.swiftmodule	1479924	1479924	0		
different	usr/lib/swift_static/embedded/_Concurrency.swiftmodule/armv7-none-none-eabi.swiftsourceinfo	410592	410592	0		
different	usr/lib/swift_static/embedded/_Concurrency.swiftmodule/armv7em-apple-none-macho.swiftdoc	420828	420828	0		
different	usr/lib/swift_static/embedded/_Concurrency.swiftmodule/armv7em-apple-none-macho.swiftmodule	1479928	1479928	0		
different	usr/lib/swift_static/embedded/_Concurrency.swiftmodule/armv7em-apple-none-macho.swiftsourceinfo	410596	410596	0		
different	usr/lib/swift_static/embedded/_Concurrency.swiftmodule/armv7em-none-none-eabi.swiftdoc	420828	420828	0		
different	usr/lib/swift_static/embedded/_Concurrency.swiftmodule/armv7em-none-none-eabi.swiftmodule	1479928	1479928	0		
different	usr/lib/swift_static/embedded/_Concurrency.swiftmodule/armv7em-none-none-eabi.swiftsourceinfo	410596	410596	0		
different	usr/lib/swift_static/embedded/_Concurrency.swiftmodule/armv7m-apple-none-macho.swiftdoc	420828	420828	0		
different	usr/lib/swift_static/embedded/_Concurrency.swiftmodule/armv7m-apple-none-macho.swiftmodule	1479928	1479928	0		
different	usr/lib/swift_static/embedded/_Concurrency.swiftmodule/armv7m-apple-none-macho.swiftsourceinfo	410596	410596	0		
different	usr/lib/swift_static/embedded/_Concurrency.swiftmodule/x86_64-apple-macos.swiftdoc	420824	420824	0		
different	usr/lib/swift_static/embedded/_Concurrency.swiftmodule/x86_64-apple-macos.swiftmodule	1492396	1492396	0		
different	usr/lib/swift_static/embedded/_Concurrency.swiftmodule/x86_64-apple-macos.swiftsourceinfo	410592	410592	0		
different	usr/lib/swift_static/embedded/_Concurrency.swiftmodule/x86_64-unknown-none-elf.swiftdoc	420828	420828	0		
different	usr/lib/swift_static/embedded/_Concurrency.swiftmodule/x86_64-unknown-none-elf.swiftmodule	1491932	1491932	0		
different	usr/lib/swift_static/embedded/_Concurrency.swiftmodule/x86_64-unknown-none-elf.swiftsourceinfo	410596	410596	0		
different	usr/lib/swift_static/iphoneos/Cxx.swiftmodule/arm64-apple-ios.private.swiftinterface	33867	33867	0		
different	usr/lib/swift_static/iphoneos/Cxx.swiftmodule/arm64-apple-ios.swiftdoc	13872	13872	0		
different	usr/lib/swift_static/iphoneos/Cxx.swiftmodule/arm64-apple-ios.swiftinterface	33867	33867	0		
different	usr/lib/swift_static/iphoneos/Cxx.swiftmodule/arm64-apple-ios.swiftsourceinfo	48428	48428	0		
different	usr/lib/swift_static/iphoneos/Cxx.swiftmodule/arm64e-apple-ios.private.swiftinterface	33868	33868	0		
different	usr/lib/swift_static/iphoneos/Cxx.swiftmodule/arm64e-apple-ios.swiftdoc	13872	13872	0		
different	usr/lib/swift_static/iphoneos/Cxx.swiftmodule/arm64e-apple-ios.swiftinterface	33868	33868	0		
different	usr/lib/swift_static/iphoneos/Cxx.swiftmodule/arm64e-apple-ios.swiftsourceinfo	48428	48428	0		
different	usr/lib/swift_static/iphoneos/CxxStdlib.swiftmodule/arm64-apple-ios.private.swiftinterface	19618	19618	0		
different	usr/lib/swift_static/iphoneos/CxxStdlib.swiftmodule/arm64-apple-ios.swiftdoc	7100	7100	0		
different	usr/lib/swift_static/iphoneos/CxxStdlib.swiftmodule/arm64-apple-ios.swiftinterface	19618	19618	0		
different	usr/lib/swift_static/iphoneos/CxxStdlib.swiftmodule/arm64-apple-ios.swiftsourceinfo	32612	32612	0		
different	usr/lib/swift_static/iphoneos/CxxStdlib.swiftmodule/arm64e-apple-ios.private.swiftinterface	19619	19619	0		
different	usr/lib/swift_static/iphoneos/CxxStdlib.swiftmodule/arm64e-apple-ios.swiftdoc	7100	7100	0		
different	usr/lib/swift_static/iphoneos/CxxStdlib.swiftmodule/arm64e-apple-ios.swiftinterface	19619	19619	0		
different	usr/lib/swift_static/iphoneos/CxxStdlib.swiftmodule/arm64e-apple-ios.swiftsourceinfo	32612	32612	0		
different	usr/lib/swift_static/iphonesimulator/Cxx.swiftmodule/arm64-apple-ios-simulator.private.swiftinterface	33877	33877	0		
different	usr/lib/swift_static/iphonesimulator/Cxx.swiftmodule/arm64-apple-ios-simulator.swiftdoc	13880	13880	0		
different	usr/lib/swift_static/iphonesimulator/Cxx.swiftmodule/arm64-apple-ios-simulator.swiftinterface	33877	33877	0		
different	usr/lib/swift_static/iphonesimulator/Cxx.swiftmodule/arm64-apple-ios-simulator.swiftsourceinfo	48436	48436	0		
different	usr/lib/swift_static/iphonesimulator/Cxx.swiftmodule/x86_64-apple-ios-simulator.private.swiftinterface	33878	33878	0		
different	usr/lib/swift_static/iphonesimulator/Cxx.swiftmodule/x86_64-apple-ios-simulator.swiftdoc	13884	13884	0		
different	usr/lib/swift_static/iphonesimulator/Cxx.swiftmodule/x86_64-apple-ios-simulator.swiftinterface	33878	33878	0		
different	usr/lib/swift_static/iphonesimulator/Cxx.swiftmodule/x86_64-apple-ios-simulator.swiftsourceinfo	48440	48440	0		
different	usr/lib/swift_static/iphonesimulator/CxxStdlib.swiftmodule/arm64-apple-ios-simulator.private.swiftinterface	19628	19628	0		
different	usr/lib/swift_static/iphonesimulator/CxxStdlib.swiftmodule/arm64-apple-ios-simulator.swiftdoc	7108	7108	0		
different	usr/lib/swift_static/iphonesimulator/CxxStdlib.swiftmodule/arm64-apple-ios-simulator.swiftinterface	19628	19628	0		
different	usr/lib/swift_static/iphonesimulator/CxxStdlib.swiftmodule/arm64-apple-ios-simulator.swiftsourceinfo	32620	32620	0		
different	usr/lib/swift_static/iphonesimulator/CxxStdlib.swiftmodule/x86_64-apple-ios-simulator.private.swiftinterface	19629	19629	0		
different	usr/lib/swift_static/iphonesimulator/CxxStdlib.swiftmodule/x86_64-apple-ios-simulator.swiftdoc	7112	7112	0		
different	usr/lib/swift_static/iphonesimulator/CxxStdlib.swiftmodule/x86_64-apple-ios-simulator.swiftinterface	19629	19629	0		
different	usr/lib/swift_static/iphonesimulator/CxxStdlib.swiftmodule/x86_64-apple-ios-simulator.swiftsourceinfo	32624	32624	0		
different	usr/lib/swift_static/macosx/Cxx.swiftmodule/arm64-apple-macos.private.swiftinterface	33871	33871	0		
different	usr/lib/swift_static/macosx/Cxx.swiftmodule/arm64-apple-macos.swiftdoc	13876	13876	0		
different	usr/lib/swift_static/macosx/Cxx.swiftmodule/arm64-apple-macos.swiftinterface	33871	33871	0		
different	usr/lib/swift_static/macosx/Cxx.swiftmodule/arm64-apple-macos.swiftsourceinfo	48432	48432	0		
different	usr/lib/swift_static/macosx/Cxx.swiftmodule/x86_64-apple-macos.private.swiftinterface	33872	33872	0		
different	usr/lib/swift_static/macosx/Cxx.swiftmodule/x86_64-apple-macos.swiftdoc	13876	13876	0		
different	usr/lib/swift_static/macosx/Cxx.swiftmodule/x86_64-apple-macos.swiftinterface	33872	33872	0		
different	usr/lib/swift_static/macosx/Cxx.swiftmodule/x86_64-apple-macos.swiftsourceinfo	48432	48432	0		
different	usr/lib/swift_static/macosx/CxxStdlib.swiftmodule/arm64-apple-macos.private.swiftinterface	19622	19622	0		
different	usr/lib/swift_static/macosx/CxxStdlib.swiftmodule/arm64-apple-macos.swiftdoc	7104	7104	0		
different	usr/lib/swift_static/macosx/CxxStdlib.swiftmodule/arm64-apple-macos.swiftinterface	19622	19622	0		
different	usr/lib/swift_static/macosx/CxxStdlib.swiftmodule/arm64-apple-macos.swiftsourceinfo	32616	32616	0		
different	usr/lib/swift_static/macosx/CxxStdlib.swiftmodule/x86_64-apple-macos.private.swiftinterface	19623	19623	0		
different	usr/lib/swift_static/macosx/CxxStdlib.swiftmodule/x86_64-apple-macos.swiftdoc	7104	7104	0		
different	usr/lib/swift_static/macosx/CxxStdlib.swiftmodule/x86_64-apple-macos.swiftinterface	19623	19623	0		
different	usr/lib/swift_static/macosx/CxxStdlib.swiftmodule/x86_64-apple-macos.swiftsourceinfo	32616	32616	0		
different	usr/lib/swift_static/watchos/Cxx.swiftmodule/arm64_32-apple-watchos.private.swiftinterface	33874	33874	0		
different	usr/lib/swift_static/watchos/Cxx.swiftmodule/arm64_32-apple-watchos.swiftdoc	13880	13880	0		
different	usr/lib/swift_static/watchos/Cxx.swiftmodule/arm64_32-apple-watchos.swiftinterface	33874	33874	0		
different	usr/lib/swift_static/watchos/Cxx.swiftmodule/arm64_32-apple-watchos.swiftsourceinfo	48436	48436	0		
different	usr/lib/swift_static/watchos/Cxx.swiftmodule/armv7k-apple-watchos.private.swiftinterface	33872	33872	0		
different	usr/lib/swift_static/watchos/Cxx.swiftmodule/armv7k-apple-watchos.swiftdoc	13876	13876	0		
different	usr/lib/swift_static/watchos/Cxx.swiftmodule/armv7k-apple-watchos.swiftinterface	33872	33872	0		
different	usr/lib/swift_static/watchos/Cxx.swiftmodule/armv7k-apple-watchos.swiftsourceinfo	48432	48432	0		
different	usr/lib/swift_static/watchos/CxxStdlib.swiftmodule/arm64_32-apple-watchos.private.swiftinterface	19625	19625	0		
different	usr/lib/swift_static/watchos/CxxStdlib.swiftmodule/arm64_32-apple-watchos.swiftdoc	7108	7108	0		
different	usr/lib/swift_static/watchos/CxxStdlib.swiftmodule/arm64_32-apple-watchos.swiftinterface	19625	19625	0		
different	usr/lib/swift_static/watchos/CxxStdlib.swiftmodule/arm64_32-apple-watchos.swiftsourceinfo	32720	32720	0		
different	usr/lib/swift_static/watchos/CxxStdlib.swiftmodule/armv7k-apple-watchos.private.swiftinterface	19623	19623	0		
different	usr/lib/swift_static/watchos/CxxStdlib.swiftmodule/armv7k-apple-watchos.swiftdoc	7104	7104	0		
different	usr/lib/swift_static/watchos/CxxStdlib.swiftmodule/armv7k-apple-watchos.swiftinterface	19623	19623	0		
different	usr/lib/swift_static/watchos/CxxStdlib.swiftmodule/armv7k-apple-watchos.swiftsourceinfo	32716	32716	0		
different	usr/lib/swift_static/watchsimulator/Cxx.swiftmodule/arm64-apple-watchos-simulator.private.swiftinterface	33881	33881	0		
different	usr/lib/swift_static/watchsimulator/Cxx.swiftmodule/arm64-apple-watchos-simulator.swiftdoc	13884	13884	0		
different	usr/lib/swift_static/watchsimulator/Cxx.swiftmodule/arm64-apple-watchos-simulator.swiftinterface	33881	33881	0		
different	usr/lib/swift_static/watchsimulator/Cxx.swiftmodule/arm64-apple-watchos-simulator.swiftsourceinfo	48440	48440	0		
different	usr/lib/swift_static/watchsimulator/Cxx.swiftmodule/x86_64-apple-watchos-simulator.private.swiftinterface	33882	33882	0		
different	usr/lib/swift_static/watchsimulator/Cxx.swiftmodule/x86_64-apple-watchos-simulator.swiftdoc	13888	13888	0		
different	usr/lib/swift_static/watchsimulator/Cxx.swiftmodule/x86_64-apple-watchos-simulator.swiftinterface	33882	33882	0		
different	usr/lib/swift_static/watchsimulator/Cxx.swiftmodule/x86_64-apple-watchos-simulator.swiftsourceinfo	48444	48444	0		
different	usr/lib/swift_static/watchsimulator/CxxStdlib.swiftmodule/arm64-apple-watchos-simulator.private.swiftinterface	19632	19632	0		
different	usr/lib/swift_static/watchsimulator/CxxStdlib.swiftmodule/arm64-apple-watchos-simulator.swiftdoc	7112	7112	0		
different	usr/lib/swift_static/watchsimulator/CxxStdlib.swiftmodule/arm64-apple-watchos-simulator.swiftinterface	19632	19632	0		
different	usr/lib/swift_static/watchsimulator/CxxStdlib.swiftmodule/arm64-apple-watchos-simulator.swiftsourceinfo	32624	32624	0		
different	usr/lib/swift_static/watchsimulator/CxxStdlib.swiftmodule/x86_64-apple-watchos-simulator.private.swiftinterface	19633	19633	0		
different	usr/lib/swift_static/watchsimulator/CxxStdlib.swiftmodule/x86_64-apple-watchos-simulator.swiftdoc	7116	7116	0		
different	usr/lib/swift_static/watchsimulator/CxxStdlib.swiftmodule/x86_64-apple-watchos-simulator.swiftinterface	19633	19633	0		
different	usr/lib/swift_static/watchsimulator/CxxStdlib.swiftmodule/x86_64-apple-watchos-simulator.swiftsourceinfo	32628	32628	0		
different	usr/lib/swift_static/xros/Cxx.swiftmodule/arm64-apple-xros.private.swiftinterface	33868	33868	0		
different	usr/lib/swift_static/xros/Cxx.swiftmodule/arm64-apple-xros.swiftdoc	13872	13872	0		
different	usr/lib/swift_static/xros/Cxx.swiftmodule/arm64-apple-xros.swiftinterface	33868	33868	0		
different	usr/lib/swift_static/xros/Cxx.swiftmodule/arm64-apple-xros.swiftsourceinfo	48428	48428	0		
different	usr/lib/swift_static/xros/Cxx.swiftmodule/arm64e-apple-xros.private.swiftinterface	33869	33869	0		
different	usr/lib/swift_static/xros/Cxx.swiftmodule/arm64e-apple-xros.swiftdoc	13872	13872	0		
different	usr/lib/swift_static/xros/Cxx.swiftmodule/arm64e-apple-xros.swiftinterface	33869	33869	0		
different	usr/lib/swift_static/xros/Cxx.swiftmodule/arm64e-apple-xros.swiftsourceinfo	48428	48428	0		
different	usr/lib/swift_static/xros/CxxStdlib.swiftmodule/arm64-apple-xros.private.swiftinterface	19619	19619	0		
different	usr/lib/swift_static/xros/CxxStdlib.swiftmodule/arm64-apple-xros.swiftdoc	7100	7100	0		
different	usr/lib/swift_static/xros/CxxStdlib.swiftmodule/arm64-apple-xros.swiftinterface	19619	19619	0		
different	usr/lib/swift_static/xros/CxxStdlib.swiftmodule/arm64-apple-xros.swiftsourceinfo	32612	32612	0		
different	usr/lib/swift_static/xros/CxxStdlib.swiftmodule/arm64e-apple-xros.private.swiftinterface	19620	19620	0		
different	usr/lib/swift_static/xros/CxxStdlib.swiftmodule/arm64e-apple-xros.swiftdoc	7100	7100	0		
different	usr/lib/swift_static/xros/CxxStdlib.swiftmodule/arm64e-apple-xros.swiftinterface	19620	19620	0		
different	usr/lib/swift_static/xros/CxxStdlib.swiftmodule/arm64e-apple-xros.swiftsourceinfo	32612	32612	0		
different	usr/lib/swift_static/xrsimulator/Cxx.swiftmodule/arm64-apple-xros-simulator.private.swiftinterface	33878	33878	0		
different	usr/lib/swift_static/xrsimulator/Cxx.swiftmodule/arm64-apple-xros-simulator.swiftdoc	13884	13884	0		
different	usr/lib/swift_static/xrsimulator/Cxx.swiftmodule/arm64-apple-xros-simulator.swiftinterface	33878	33878	0		
different	usr/lib/swift_static/xrsimulator/Cxx.swiftmodule/arm64-apple-xros-simulator.swiftsourceinfo	48440	48440	0		
different	usr/lib/swift_static/xrsimulator/CxxStdlib.swiftmodule/arm64-apple-xros-simulator.private.swiftinterface	19629	19629	0		
different	usr/lib/swift_static/xrsimulator/CxxStdlib.swiftmodule/arm64-apple-xros-simulator.swiftdoc	7112	7112	0		
different	usr/lib/swift_static/xrsimulator/CxxStdlib.swiftmodule/arm64-apple-xros-simulator.swiftinterface	19629	19629	0		
different	usr/lib/swift_static/xrsimulator/CxxStdlib.swiftmodule/arm64-apple-xros-simulator.swiftsourceinfo	32624	32624	0		
different	usr/libexec/swift/macosx/swift-backtrace	730352	730352	0		
